ORDER	FAMILY	GENUS	SPECIES	HYP	BU	AL	OL	SF	OT	OO	CM	HOD	LOP	LOPT	ETH	Source	
Artiodactyla	Anthracotheriidae	Anthracotherium	punjabiense	1	0	1	0	0	0	0	0	1	2	0	0	https://www.morphosource.org/concern/media/000356387?locale=en	
Artiodactyla	Anthracotheriidae	Hemimeryx	indet.	1	0	1	0	0	0	0	0	1	2	0	0	by genus 	
Artiodactyla	Anthracotheriidae	Hemimeryx	pusillus	1	0	1	0	0	0	0	0	1	2	0	0	https://commons.wikimedia.org/wiki/File:Hemimeryx_pusillus_tooth_and_mandible.JPG	
Artiodactyla	Anthracotheriidae	indet.	indet.	1	0	1	0	0	0	0	0	1	2	0	0	by family	
Artiodactyla	Anthracotheriidae	Merycopotamus	dissimilis	1	0	1	0	0	0	0	0	1	2	0	0	https://www.researchgate.net/figure/Merycopotamus-dissimilis-Falconer-and-Cautley-A-an-epoxy-cast-of-NMMP-KU-IR-0360_fig7_254315236	
Artiodactyla	Anthracotheriidae	Merycopotamus	indet.	1	0	1	0	0	0	0	0	1	2	0	0	by genus pictures	
Artiodactyla	Anthracotheriidae	Merycopotamus	medioximus	1	0	1	0	0	0	0	0	1	2	0	0	https://www.sciencedirect.com/science/article/pii/S1631068304001095#FIG3	
Artiodactyla	Anthracotheriidae	Merycopotamus	thachangensis	1	0	1	0	0	0	0	0	1	2	0	0	by genus pictures	
Artiodactyla	Anthracotheriidae	Microbunodon 	silistrense 	1	0	1	0	0	0	0	0	1	1	0	0	A new species of the genus Microbunodon (Anthracotheriidae, Artiodactyla) from the Miocene of Pakistan: genus revision, phylogenetic relationships and palaeobiogeography (wiley.com)	
Artiodactyla	Anthracotheriidae	Parabrachyodus	hyopotamoides	1	0	1	0	0	0	0	0	1	2	0	0	genus picture	
Artiodactyla	Anthracotheriidae	Sivameryx	indet.	1	0	1	0	0	0	0	0	1	2	0	0	https://www.researchgate.net/figure/Main-generic-features-of-Sivameryx-Mandible-of-Sivameryx-africanus-from-Gebel-Zelten-in_fig3_284970984	
Artiodactyla	Anthracotheriidae	Sivameryx	palaeindicus	1	0	1	0	0	0	0	0	1	2	0	0	https://www.researchgate.net/figure/Main-generic-features-of-Sivameryx-Mandible-of-Sivameryx-africanus-from-Gebel-Zelten-in_fig3_284970984	
Artiodactyla	Bovidae	Antidorcas	indet.	3	0	0	1	0	0	1	0	1	2	0	0	by genus photo	
Artiodactyla	Bovidae	Antilope	indet.	2	0	0	1	0	0	1	0	1	2	0	0	by genus photo	
Artiodactyla	Bovidae	Antilospira	indet.	2	0	0	1	0	0	1	0	1	2	0	0	Tang	
Artiodactyla	Bovidae	Antilospira	yuxianensis	2	0	0	1	0	0	1	0	1	2	0	0	\N	
Artiodactyla	Bovidae	Antispiroides	hopeiensis	2	0	0	1	0	0	1	0	1	2	0	0	by family	
Artiodactyla	Bovidae	Bos	indet.	3	0	0	1	1	0	0	1	1	2	0	0	by genus present day	
Artiodactyla	Bovidae	Capricornis	indet.	3	0	0	1	0	0	1	0	1	2	0	0	by genus majority present day	
Artiodactyla	Bovidae	Dorcadoryx	indet.	2	0	0	1	0	0	1	0	1	2	0	0	by genus	
Artiodactyla	Bovidae	Dorcadoryx	lagrelii	2	0	0	1	0	0	1	0	1	2	0	0		
Artiodactyla	Bovidae	Dorcadoryx	orientalis	2	0	0	1	0	0	1	0	1	2	0	0		
Artiodactyla	Bovidae	Dorcadoryx	triquetricornis	2	0	0	1	0	0	1	0	1	2	0	0	by genus	
Artiodactyla	Bovidae	Dorcadoxa	prorrecticornis	3	0	0	1	0	0	1	0	1	2	0	0	by genus photo	
Artiodactyla	Bovidae	Duboisia	santeng	3	0	0	1	0	0	1	0	1	2	0	0	by genus and species photo	
Artiodactyla	Bovidae	Elachistoceras	indet.	1	0	0	1	0	0	1	0	1	2	0	0		
Artiodactyla	Bovidae	Elachistoceras	khauristanensis	1	0	0	1	0	0	1	0	1	2	0	0	by species photo	
Artiodactyla	Bovidae	Eotragus	halamagaiensis	1	0	1	0	0	0	0	0	1	2	0	0	\N	
Artiodactyla	Bovidae	Eotragus	minus	1	0	1	0	0	0	0	0	1	2	0	0		
Artiodactyla	Bovidae	Eotragus	noyei	1	0	1	0	0	0	0	0	1	2	0	0		
Artiodactyla	Bovidae	Gazella	altidens	2	0	0	1	0	0	1	0	1	2	0	0	photo Uppsala	
Artiodactyla	Bovidae	Gazella	blacki	2	0	0	1	0	0	1	0	1	2	0	0		
Artiodactyla	Bovidae	Gazella	dorcadoides	3	0	0	1	0	0	1	0	1	2	0	0	Uppsala	
Artiodactyla	Bovidae	Gazella	gaudryi	2	0	0	1	0	0	1	0	1	2	0	0	Uppsala	
Artiodactyla	Bovidae	Gazella	indet.	3	0	0	1	0	0	1	0	1	2	0	0	by genus	
Artiodactyla	Bovidae	Gazella	kueitensis	2	0	0	1	0	0	1	0	1	2	0	0	by genus	
Artiodactyla	Bovidae	Gazella	lydekkeri	2	0	0	1	0	0	1	0	1	2	0	0	by genus	
Artiodactyla	Bovidae	Gazella	nihensis	2	0	0	1	0	0	1	0	1	2	0	0	by Chen and Zhang	
Artiodactyla	Bovidae	Gazella	padriensis	2	0	0	1	0	0	1	0	1	2	0	0	synonym to G. lydekkeri	
Artiodactyla	Bovidae	Gazella	paotehensis	2	0	0	1	0	0	1	0	1	2	0	0	by genus	
Artiodactyla	Bovidae	Gazella	sinensis	2	0	0	1	0	0	1	0	1	2	0	0	by genus	
Artiodactyla	Bovidae	Gazella	sp.	2	0	0	1	0	0	1	0	1	2	0	0	by genus	
Artiodactyla	Bovidae	gen.	sp.	?	?	?	?	?	?	?	?	?	?	?	?	\N	
Artiodactyla	Bovidae	Helicoportax	praecox	2	0	0	1	0	0	1	0	1	2	0	0	genus photo	Khan et al., 2011. New fossil locality in the Middle Miocene of LAVA from the chinji formation of the lower Siwaliks, Pakistan. Pakistan J. Zool., vol43(1), 61-72
Artiodactyla	Bovidae	Helicoportax	tragelaphoides	2	0	0	1	0	0	1	0	1	2	0	0	\N	
Artiodactyla	Bovidae	Hezhengia	bohlini	2	0	0	1	0	0	1	0	1	2	0	0	species photo	
Artiodactyla	Bovidae	Homoiodorcas	indet.	3	0	0	1	0	0	1	0	1	2	0	0	Gazella like	
Artiodactyla	Bovidae	Hypsodontus	gaopense	3	0	0	1	0	0	1	0	1	2	0	0	\N	
Artiodactyla	Bovidae	Hypsodontus	indet.	3	0	0	1	0	0	1	0	1	2	0	0	\N	
Artiodactyla	Bovidae	indet.	indet.	?	?	?	?	?	?	?	?	?	?	?	?	?	
Artiodactyla	Bovidae	Kubanotragus	gaopoensis	3	0	0	1	0	0	1	0	1	2	0	0	\N	
Artiodactyla	Bovidae	Kubanotragus	sokolovi	3	0	0	1	0	0	1	0	1	2	0	0	\N	
Artiodactyla	Bovidae	Lantiantragus	longirostralis	2	0	0	1	0	0	1	0	1	2	0	0		
Artiodactyla	Bovidae	Macrotragus	planifrons	2	0	0	1	0	0	1	0	1	2	0	0	by genus photo	
Artiodactyla	Bovidae	Macrotragus	shansiensis	2	0	0	1	0	0	1	0	1	2	0	0	by genus photo	
Artiodactyla	Bovidae	Miotragocerus	gluten	2	0	0	1	0	0	1	0	1	2	0	0	species photo	
Artiodactyla	Bovidae	Miotragocerus	gregarius	2	0	0	1	0	0	1	0	1	2	0	0	by genus photo	
Artiodactyla	Bovidae	Miotragocerus	indet.	2	0	0	1	0	0	1	0	1	2	0	0	by genus photo	
Artiodactyla	Bovidae	Oioceros	jiulongkouensis	3	0	0	1	0	0	1	0	1	2	0	0	\N	
Artiodactyla	Bovidae	Oioceros	noverca	3	0	0	1	0	0	1	0	1	2	0	0	\N	
Artiodactyla	Bovidae	Olonbulukia	tsaidamensis	3	0	0	1	0	0	1	0	1	2	0	0	refer to Pantholops	
Artiodactyla	Bovidae	Pachygazella	grangeri	2	0	0	1	0	0	1	0	1	2	0	0	Caprinae general	
Artiodactyla	Bovidae	Pachyportax	giganteus	3	0	0	1	0	0	1	0	1	2	0	0	by genus photo	
Artiodactyla	Bovidae	Pachyportax	indet.	3	0	0	1	0	0	1	0	1	2	0	0	by genus photo	
Artiodactyla	Bovidae	Pachyportax	latidens	3	0	0	1	0	0	1	0	1	2	0	0	Aslam et al. 2010	
Artiodactyla	Bovidae	Pachyportax	nagrii	3	0	0	1	0	0	1	0	1	2	0	0	by genus photo	
Artiodactyla	Bovidae	Palaeoryx	indet.	2	0	0	1	0	0	1	0	1	2	0	0	by genus	
Artiodactyla	Bovidae	Palaeoryx	sinensis	2	0	0	1	0	0	1	0	1	2	0	0	genus photo	
Artiodactyla	Bovidae	Paraprotoryx	minor	2	0	0	1	0	0	1	0	1	2	0	0	by family	
Artiodactyla	Bovidae	Perimia	falconeri	3	0	0	1	0	0	0	0	1	2	0	0	Selenoportax falconeri	
Artiodactyla	Bovidae	Plesiaddax	depereti	2	0	0	1	0	0	1	0	1	2	0	0	by genus	
Artiodactyla	Bovidae	Plesiaddax	indet.	2	0	0	1	0	0	1	0	1	2	0	0	by genus	
Artiodactyla	Bovidae	Plesiaddax	minor	2	0	0	1	0	0	1	0	1	2	0	0	by genus	
Artiodactyla	Bovidae	Proamphibos	kashmiricus	3	0	0	1	1	0	0	0	1	2	0	0	by Siddiq et al.	
Artiodactyla	Bovidae	Probison	dehmi	3	0	0	1	1	0	0	0	1	2	0	0	by Sahni and Khan	
Artiodactyla	Bovidae	Proleptobos	birmanicus	3	0	0	1	1	0	0	0	1	2	0	0	by family	
Artiodactyla	Bovidae	Prosinotragus	indet.	1	0	0	1	0	0	1	0	1	2	0	0	\N	
Artiodactyla	Bovidae	Prosinotragus	tenuicornis	1	0	0	1	0	0	1	0	1	2	0	0	by family	
Artiodactyla	Bovidae	Protoryx	indet.	1	0	0	1	0	0	1	0	1	2	0	0	by genus Uppsala	
Artiodactyla	Bovidae	Protovis	himalayensis	2	0	0	1	0	0	1	0	1	2	0	0	was ?Pseudois	
Artiodactyla	Bovidae	Protragocerus	gluten	1	0	0	1	0	0	1	0	1	2	0	0	\N	
Artiodactyla	Bovidae	Qurliqnoria	cheni	2	0	0	1	0	0	1	0	1	2	0	0	by genus publication	
Artiodactyla	Bovidae	Qurliqnoria	sp.	2	0	0	1	0	0	1	0	1	2	0	0	by genus publication	
Artiodactyla	Bovidae	Selenoportax	indet.	3	0	0	1	0	0	1	0	1	2	0	0	by genus NOW records	
Artiodactyla	Bovidae	Selenoportax	lydekkeri	3	0	0	1	0	0	1	0	1	2	0	0	by genus pictures	
Artiodactyla	Bovidae	Selenoportax	vexillarius	3	0	0	1	0	0	1	0	1	2	0	0	by genus pictures	
Artiodactyla	Bovidae	Shaanxispira	baheensis	2	0	0	1	0	0	1	0	1	2	0	0	by genus	
Artiodactyla	Bovidae	Shaanxispira	chowi	2	0	0	1	0	0	1	0	1	2	0	0	by genus	
Artiodactyla	Bovidae	Sinopalaeoceros	xiejiaensis	3	0	0	1	0	0	1	0	1	2	0	0	photo	
Artiodactyla	Bovidae	Sinoryx	indet.	3	0	0	1	0	0	1	0	1	2	0	0	by family	
Artiodactyla	Bovidae	Sinotragus	indet.	2	0	0	1	0	0	1	0	1	2	0	0	by genus Uppsala	
Artiodactyla	Bovidae	Sinotragus	wimani	2	0	0	1	0	0	1	0	1	2	0	0	by genus Uppsala	
Artiodactyla	Bovidae	Sivoreas	eremita	2	0	0	1	0	0	1	0	1	2	0	0		
Artiodactyla	Bovidae	Tossunnoria	pseudibex	3	0	0	1	0	0	1	0	1	2	0	0	by family	
Artiodactyla	Bovidae	Tragocerus	gregarius	1	0	0	1	0	0	1	0	1	2	0	0	by genus uncertain	
Artiodactyla	Bovidae	Tragoportax	browni	2	0	0	1	0	0	1	0	1	2	0	0	by Khan et al.	
Artiodactyla	Bovidae	Tragoportax	perimensis	2	0	0	1	0	0	1	0	1	2	0	0	genus	
Artiodactyla	Bovidae	Tragoportax	punjabicus	2	0	0	1	0	0	1	0	1	2	0	0	genus	
Artiodactyla	Bovidae	Tragoportax	salmontanus	2	0	0	1	0	0	1	0	1	2	0	0	genus	
Artiodactyla	Bovidae	Tragoportax	spectabilis	2	0	0	1	0	0	1	0	1	2	0	0	genus	
Artiodactyla	Bovidae	Tragoreas	indet.	2	0	0	1	0	0	1	0	1	2	0	0	by genus NOW	
Artiodactyla	Bovidae	Tragoreas	lagrelii	2	0	0	1	0	0	1	0	1	2	0	0	by genus NOW	
Artiodactyla	Bovidae	Tragoreas	palaeosinensis	2	0	0	1	0	0	1	0	1	2	0	0		
Artiodactyla	Bovidae	Tsaidamotherium	hedini	3	0	0	1	0	0	1	0	1	2	0	0	photo	
Artiodactyla	Bovidae	Turcocerus	grangeri	3	0	0	1	0	0	1	0	1	2	0	0	\N	
Artiodactyla	Bovidae	Turcocerus	indet.	3	0	0	1	0	0	1	0	1	2	0	0	\N	
Artiodactyla	Bovidae	Turcocerus	kekemaidengensis	3	0	0	1	0	0	1	0	1	2	0	0	\N	
Artiodactyla	Bovidae	Turcocerus	lishanensis	3	0	0	1	0	0	1	0	1	2	0	0	\N	
Artiodactyla	Bovidae	Turcocerus	noverca	3	0	0	1	0	0	1	0	1	2	0	0	\N	
Artiodactyla	Bovidae	Urmiatherium	intermedium	2	0	0	1	0	0	1	0	1	2	0	0		
Artiodactyla	Camelidae	Camelus	sivalensis	3	0	0	1	0	0	1	0	1	2	0	0	by genus photo	
Artiodactyla	Camelidae	Paracamelus	indet.	3	0	0	1	0	0	1	0	1	2	0	0	by genus pictures	
Artiodactyla	Cervidae	Axis	indet.	2	0	1	0	0	0	0	0	1	2	0	0	by genus photo	
Artiodactyla	Cervidae	Axis	shansius	2	0	1	0	0	0	0	0	1	2	0	0	photo	
Artiodactyla	Cervidae	Cervavitus	demissus	1	0	1	0	0	0	0	0	1	2	0	0	synonym with C novorossiae	
Artiodactyla	Cervidae	Cervavitus	indet.	1	0	1	0	0	0	0	0	1	2	0	0	by genus	
Artiodactyla	Cervidae	Cervavitus	novorossiae	1	0	1	0	0	0	0	0	1	2	0	0	https://www.researchgate.net/figure/fig2_270884890	
Artiodactyla	Cervidae	Cervocerus	huadeensis	1	0	1	0	0	0	0	0	1	2	0	0	by genus	
Artiodactyla	Cervidae	Cervocerus	indet.	1	0	1	0	0	0	0	0	1	2	0	0	by genus	
Artiodactyla	Cervidae	Cervocerus	novonossiae	1	0	1	0	0	0	0	0	1	2	0	0	Uppsala	
Artiodactyla	Cervidae	Cervus	indet.	1	0	1	0	0	0	0	0	1	2	0	0	synonym to Cervavitus shanxius	
Artiodactyla	Cervidae	Dicrocerus	elegans	1	0	1	0	0	0	0	0	1	1	0	0	species photo	
Artiodactyla	Cervidae	Dicrocerus	grangeri	1	0	1	0	0	0	0	0	1	1	0	0	\N	
Artiodactyla	Cervidae	Dicrocerus	indet.	1	0	1	0	0	0	0	0	1	1	0	0	picture	
Artiodactyla	Cervidae	Dicrocerus	sp.	1	0	1	0	0	0	0	0	1	1	0	0	\N	
Artiodactyla	Cervidae	Eostyloceros	blainvillei	1	0	1	0	0	0	0	0	1	1	0	0		
Artiodactyla	Cervidae	Euprox	alticus	1	0	1	0	0	0	0	0	1	2	0	0	\N	
Artiodactyla	Cervidae	Euprox	grangeri	1	0	1	0	0	0	0	0	1	2	0	0	photo	
Artiodactyla	Cervidae	Euprox	indet.	1	0	1	0	0	0	0	0	1	2	0	0		
Artiodactyla	Cervidae	gen.	sp.	1	0	1	0	0	0	0	0	1	2	0	0	?	
Artiodactyla	Cervidae	indet.	indet.	1	0	1	0	0	0	0	0	1	2	0	0	by family	
Artiodactyla	Cervidae	Lagomeryx	colberti	1	0	1	0	0	0	0	0	1	2	0	0		
Artiodactyla	Cervidae	Lagomeryx	complicidens	1	0	1	0	0	0	0	0	1	2	0	0	genus photo	
Artiodactyla	Cervidae	Lagomeryx	indet.	1	0	1	0	0	0	0	0	1	2	0	0	\N	
Artiodactyla	Cervidae	Lagomeryx	triacuminatus	1	0	1	0	0	0	0	0	1	2	0	0	\N	
Artiodactyla	Cervidae	Lagomeryx	tsaidamensis	1	0	1	0	0	0	0	0	1	2	0	0	\N	
Artiodactyla	Cervidae	Ligeromeryx	indet.	1	0	1	0	0	0	0	0	1	2	0	0		
Artiodactyla	Cervidae	Metacervulus	bidens	1	0	1	0	0	0	0	0	1	2	0	0	by genus	
Artiodactyla	Cervidae	Metacervulus	brevis	1	0	1	0	0	0	0	0	1	2	0	0	by genus	
Artiodactyla	Cervidae	Metacervulus	capreolinus	1	0	1	0	0	0	0	0	1	2	0	0	by genus	
Artiodactyla	Cervidae	Metacervulus	indet.	1	0	1	0	0	0	0	0	1	2	0	0	by genus	
Artiodactyla	Cervidae	Metacervulus	lepidus	1	0	1	0	0	0	0	0	1	2	0	0	species photo	
Artiodactyla	Cervidae	Metacervulus	mongoliensis	1	0	1	0	0	0	0	0	1	2	0	0	\N	
Artiodactyla	Cervidae	Metacervulus	simplex	1	0	1	0	0	0	0	0	1	2	0	0		
Artiodactyla	Cervidae	Muntiacus	indet.	2	0	1	0	0	0	0	0	1	2	0	0	M. zhaotongensis	
Artiodactyla	Cervidae	Muntiacus	lacustris	2	0	1	0	0	0	0	0	1	2	0	0	by genus publication	
Artiodactyla	Cervidae	Muntiacus	nanus	2	0	1	0	0	0	0	0	1	2	0	0	photo	
Artiodactyla	Cervidae	Paracervulus	attenuatus	1	0	1	0	0	0	0	0	1	2	0	0	photo	
Artiodactyla	Cervidae	Paracervulus	indet.	1	0	1	0	0	0	0	0	1	2	0	0	tribe Muntiacini	
Artiodactyla	Cervidae	Procapreolus	indet.	1	0	1	0	0	0	0	0	1	2	0	0	by genus	
Artiodactyla	Cervidae	Procapreolus	jinensis	1	0	1	0	0	0	0	0	1	2	0	0	by genus	
Artiodactyla	Cervidae	Procapreolus	latifrons	1	0	1	0	0	0	0	0	1	2	0	0	by genus	
Artiodactyla	Cervidae	Stephanocemas	chinghaiensis	1	0	1	0	0	0	0	0	1	2	0	0	\N	
Artiodactyla	Cervidae	Stephanocemas	indet.	1	0	1	0	0	0	0	0	1	2	0	0	by genus publication	
Artiodactyla	Cervidae	Stephanocemas	rucha	1	0	1	0	0	0	0	0	1	2	0	0	genus photo	
Artiodactyla	Cervidae	Stephanocemas	sp.	1	0	1	0	0	0	0	0	1	2	0	0	\N	
Artiodactyla	Cervidae	Stephanocemas	thomsoni	1	0	1	0	0	0	0	0	1	2	0	0	\N	
Artiodactyla	Climacoceratidae	Prolibytherium	fusus	1	0	0	1	0	0	1	0	1	2	0	0		
Artiodactyla	Entelodontidae	Paraentelodon	indet.	1	1	0	0	0	0	0	0	1	0	0	1		
Artiodactyla	Giraffidae	Bramatherium	indet.	2	0	1	0	0	0	0	0	1	2	0	0	?	
Artiodactyla	Giraffidae	Bramatherium	perimense	2	0	1	0	0	0	0	0	1	2	0	0	https://docsdrive.com/pdfs/ansinet/pjbs/2002/348-351.pdf	
Artiodactyla	Giraffidae	Bugtimeryx	pilgrimi	1	0	1	0	0	0	0	0	1	2	0	0	photo	
Artiodactyla	Giraffidae	Giraffa	priscilla	1	0	1	0	0	0	0	0	1	2	0	0	https://www.researchgate.net/figure/Fig-2-Giraffa-priscilla-1-GCUPC-1164-13-rP-2-2-GCUPC-1147-09-rP-4-3-GCUPC_fig2_261364755	
Artiodactyla	Giraffidae	Giraffa	punjabiensis	1	0	1	0	0	0	0	0	1	2	0	0		
Artiodactyla	Giraffidae	Giraffokeryx	indet.	1	0	1	0	0	0	0	0	1	2	0	0		
Artiodactyla	Giraffidae	Giraffokeryx	punjabiensis	1	0	1	0	0	0	0	0	1	2	0	0	file:///C:/Users/lipingli/Downloads/1623-1631_22_PJZ-618-119-10-12.pdf	
Artiodactyla	Giraffidae	Honanotherium	indet.	1	0	0	1	0	0	1	0	1	2	0	0	by genus	
Artiodactyla	Giraffidae	Honanotherium	schlosseri	1	0	0	1	0	0	1	0	1	2	0	0	photo	
Artiodactyla	Giraffidae	Hydaspitherium	megacephalum	1	0	1	0	0	0	0	0	1	2	0	0	photo	
Artiodactyla	Giraffidae	indet.	indet.	1	0	1	0	0	0	0	0	1	2	0	0	?	
Artiodactyla	Giraffidae	Palaeotragus	coelophrys	1	0	1	0	0	0	0	0	1	2	0	0		
Artiodactyla	Giraffidae	Palaeotragus	decipiens	1	0	1	0	0	0	0	0	1	2	0	0	by genus	
Artiodactyla	Giraffidae	Palaeotragus	indet.	1	0	1	0	0	0	0	0	1	2	0	0		
Artiodactyla	Giraffidae	Palaeotragus	microdon	1	0	1	0	0	0	0	0	1	2	0	0	https://hal.archives-ouvertes.fr/hal-03345687/document	
Artiodactyla	Giraffidae	Palaeotragus	progressus	1	0	1	0	0	0	0	0	1	2	0	0	\N	
Artiodactyla	Giraffidae	Palaeotragus	tungurensis	1	0	1	0	0	0	0	0	1	2	0	0	\N	
Artiodactyla	Giraffidae	Progiraffa	exigua	1	0	1	0	0	0	0	0	1	2	0	0	https://www.researchgate.net/figure/Progiraffa-exigua-A-C-Left-maxillary-ramus-with-DP2-4-M1-GCUPC-1149-12-in-occlusal_fig4_294105556	
Artiodactyla	Giraffidae	Progiraffa	indet.	1	0	1	0	0	0	0	0	1	2	0	0	\N	
Artiodactyla	Giraffidae	Samotherium	decipiens	2	0	1	0	0	0	0	0	1	2	0	0	photo	
Artiodactyla	Giraffidae	Samotherium	indet.	2	0	1	0	0	0	0	0	1	2	0	0		
Artiodactyla	Giraffidae	Samotherium	neumayri	2	0	1	0	0	0	0	0	1	2	0	0	by genus	
Artiodactyla	Giraffidae	Samotherium	sinense	2	0	1	0	0	0	0	0	1	2	0	0	Uppsala photo	
Artiodactyla	Giraffidae	Schansitherium	indet.	2	0	1	0	0	0	0	0	1	2	0	0	Shansitherium ->  Schansitherium (scored by genus)	
Artiodactyla	Giraffidae	Schansitherium	tafelli	1	0	1	0	0	0	0	0	1	2	0	0	https://www.ncbi.nlm.nih.gov/pmc/articles/PMC6376930/pdf/pone.0211797.pdf	
Artiodactyla	Giraffidae	Sivatherium	giganteum	1	0	1	0	0	0	0	0	1	2	0	0	genus photo	
Artiodactyla	Giraffidae	Sivatherium	indet.	1	0	1	0	0	0	0	0	1	2	0	0	?	
Artiodactyla	Giraffidae	Vishnutherium	iravaticum	1	0	1	0	0	0	0	0	1	2	0	0	refer to Sivatherium	
Artiodactyla	Hippopotamidae	Hexaprotodon	indet.	2	1	0	0	0	0	0	0	1	0	0	1	by genus NOW	
Artiodactyla	Hippopotamidae	Hexaprotodon	iravaticus	2	1	0	0	0	0	0	0	1	0	0	1	photo	
Artiodactyla	Hippopotamidae	Hexaprotodon	sivajavanicus	1	1	0	0	0	0	0	0	1	0	0	1	?	
Artiodactyla	Hippopotamidae	Hexaprotodon	sivalensis	1	1	0	0	0	0	0	0	1	0	0	1	references and photo	
Artiodactyla	Hoplitomerycidae	Amphimoschus	artenensis	1	0	1	0	0	0	0	0	1	2	0	0		
Artiodactyla	Hoplitomerycidae	Amphimoschus	indet.	1	0	1	0	0	0	0	0	1	2	0	0		
Artiodactyla	indet.	indet.	indet.	?	?	?	?	?	?	?	?	?	?	?	?	Dorcabune	
Artiodactyla	Moschidae	Hispanomeryx	indet.	1	0	1	0	0	0	0	0	1	2	0	0	photo	
Artiodactyla	Moschidae	Micromeryx	indet.	1	0	1	0	0	0	0	0	1	2	0	0	photo	
Artiodactyla	Moschidae	Moschus	grandaevus	1	0	1	0	0	0	0	0	1	2	0	0	by modern pictures	
Artiodactyla	Moschidae	Moschus	indet.	1	0	1	0	0	0	0	0	1	2	0	0	by modern pictures	
Artiodactyla	Palaeochoeridae	Pecarichoerus	sminthos	1	1	0	0	0	0	0	0	1	0	0	0	\N	
Artiodactyla	Palaeochoeridae	Schizoporcus	indet.	1	1	0	0	0	0	0	0	1	0	0	0	by genus Munich	
Artiodactyla	Palaeochoeridae	Yunnanochoerus	gandakasensis	1	1	0	0	0	0	0	0	1	0	0	0	?	
Artiodactyla	Palaeochoeridae	Yunnanochoerus	lufengensis	1	1	0	0	0	0	0	0	1	0	0	0	picture publ by genus	
Artiodactyla	Palaeomerycidae	Palaeomeryx	indet.	1	0	1	0	0	0	0	0	1	1	0	0	\N	
Artiodactyla	Palaeomerycidae	Palaeomeryx	tricornis	1	0	1	0	0	0	0	0	1	1	0	0		
Artiodactyla	Ruminantia	indet.	indet.	?	?	?	?	?	?	?	?	?	?	?	?	various in the group	
Artiodactyla	Suidae	Bunolistriodon	affinis	1	1	0	0	0	0	0	0	1	0	0	0		
Artiodactyla	Suidae	Bunolistriodon	guptai	1	1	0	0	0	0	0	0	1	0	0	0		
Artiodactyla	Suidae	Bunolistriodon	indet.	1	1	0	0	0	0	0	0	1	0	0	0		
Artiodactyla	Suidae	Bunolistriodon	intermedius	1	1	0	0	0	0	0	0	1	0	0	0	\N	
Artiodactyla	Suidae	Chleuastochoerus	indet.	1	1	0	0	0	0	0	0	1	0	0	0	by genus	
Artiodactyla	Suidae	Chleuastochoerus	stehlini	1	1	0	0	0	0	0	0	1	0	0	0	picture	
Artiodactyla	Suidae	Conohyus	simorrensis	1	1	0	0	0	0	0	0	1	0	0	1	\N	
Artiodactyla	Suidae	Hippohyus	tatroti	1	1	0	0	0	0	0	0	1	0	0	0	picture	
Artiodactyla	Suidae	Hippopotamodon	haydeni	1	1	0	0	0	0	0	0	1	0	0	1	\N	
Artiodactyla	Suidae	Hippopotamodon	indet.	1	1	0	0	0	0	0	0	1	0	0	1	by genus NOW	
Artiodactyla	Suidae	Hippopotamodon	major	1	1	0	0	0	0	0	0	1	0	0	1	species photo	
Artiodactyla	Suidae	Hippopotamodon	sivalense	1	1	0	0	0	0	0	0	1	0	0	1	NOW	
Artiodactyla	Suidae	Hyotherium	indet.	1	1	0	0	0	0	0	0	1	0	0	0		
Artiodactyla	Suidae	Hyotherium	youngi	1	1	0	0	0	0	0	0	1	0	0	0	\N	
Artiodactyla	Suidae	indet.	indet.	1	1	0	0	0	0	0	0	1	0	0	0	?	
Artiodactyla	Suidae	Kubanochoerus	gigas	1	1	0	0	0	0	0	0	1	0	0	1	\N	
Artiodactyla	Suidae	Kubanochoerus	indet.	1	1	0	0	0	0	0	0	1	0	0	1	?	
Artiodactyla	Suidae	Kubanochoerus	minheensis	1	1	0	0	0	0	0	0	1	0	0	1	\N	
Artiodactyla	Suidae	Listriodon	dukkar 	1	0	1	0	0	0	0	0	1	0	2	0		
Artiodactyla	Suidae	Listriodon	indet.	1	0	1	0	0	0	0	0	1	0	2	0		
Artiodactyla	Suidae	Listriodon	pentapotamiae	1	0	1	0	0	0	0	0	1	0	2	0	\N	
Artiodactyla	Suidae	Listriodon	splendens	1	0	1	0	0	0	0	0	1	0	2	0	\N	
Artiodactyla	Suidae	Parachleuastochoerus	steinheimensis	1	1	0	0	0	0	0	0	1	0	0	0	photo	
Artiodactyla	Suidae	Potamochoerus	indet.	1	1	0	0	0	0	0	0	1	0	0	0	photo	
Artiodactyla	Suidae	Propotamochoerus	hyotheriodes	1	1	0	0	0	0	0	0	1	0	0	0	photo	
Artiodactyla	Suidae	Propotamochoerus	hysudricus	1	1	0	0	0	0	0	0	1	0	0	0	by genus Uppsala	
Artiodactyla	Suidae	Propotamochoerus	indet.	1	1	0	0	0	0	0	0	1	0	0	0	by genus Uppsala	
Artiodactyla	Suidae	Propotamochoerus	palaeochoerus	1	1	0	0	0	0	0	0	1	0	0	0	\N	
Artiodactyla	Suidae	Propotamochoerus	wui	1	1	0	0	0	0	0	0	1	0	0	0	photo	
Artiodactyla	Suidae	Sanitherium	indet.	1	1	0	0	0	0	0	0	1	0	0	1		
Artiodactyla	Suidae	Sanitherium	schlagintweiti	1	1	0	0	0	0	0	0	1	0	0	1	photo	
Artiodactyla	Suidae	Sivachoerus	indet.	1	1	0	0	0	0	0	0	1	0	0	1	genus photo	
Artiodactyla	Suidae	Sivachoerus	indicus	1	1	0	0	0	0	0	0	1	0	0	1	genus photo	
Artiodactyla	Suidae	Sivachoerus	prior	1	1	0	0	0	0	0	0	1	0	0	1	genus photo	
Artiodactyla	Suidae	Sivachoerus	sindiensis	1	1	0	0	0	0	0	0	1	0	0	1	photo conohyus sindiensis	
Artiodactyla	Suidae	Sus	indet.	1	1	0	0	0	0	0	0	1	0	0	1	?	
Artiodactyla	Suidae	Tetraconodon	indet.	1	1	0	0	0	0	0	0	1	0	0	1	genus photo	
Artiodactyla	Suidae	Tetraconodon	minor	1	1	0	0	0	0	0	0	1	0	0	1	genus photo	
Artiodactyla	Suidae	Tetraconodon	thailandicus	1	1	0	0	0	0	0	0	1	0	0	1	photo	
Artiodactyla	Tragulidae	Dorcabune	anthracotherioides	1	1	0	0	0	0	0	0	1	1	0	0	by family	
Artiodactyla	Tragulidae	Dorcabune	indet.	1	1	0	0	0	0	0	0	1	1	0	0	by family	
Artiodactyla	Tragulidae	Dorcabune	progressus	1	1	0	0	0	0	0	0	1	1	0	0	by genus publication	
Artiodactyla	Tragulidae	Dorcabune	welcommi	1	1	0	0	0	0	0	0	1	1	0	0		
Artiodactyla	Tragulidae	Dorcatherium	indet.	1	0	1	0	0	0	0	0	1	2	0	0	by family	
Artiodactyla	Tragulidae	Dorcatherium	majus	1	0	1	0	0	0	0	0	1	2	0	0	Farooq et al.	
Artiodactyla	Tragulidae	Dorcatherium	minimus	1	0	1	0	0	0	0	0	1	2	0	0	species photo	
Artiodactyla	Tragulidae	Dorcatherium	minus	1	0	1	0	0	0	0	0	1	2	0	0	https://www.researchgate.net/figure/Dorcatherium-minus-A-PC-GCUF-11-80-rM2-a-occlusal-view-b-lingual-view-c-labial_fig11_260248081	
Artiodactyla	Tragulidae	Dorcatherium	nagrii	1	0	1	0	0	0	0	0	1	2	0	0	species photo	
Artiodactyla	Tragulidae	Dorcatherium	orientale	1	0	1	0	0	0	0	0	1	2	0	0		
Artiodactyla	Tragulidae	Dorcatherium	parvum	1	0	1	0	0	0	0	0	1	2	0	0		
Artiodactyla	Tragulidae	Dorcatherium	progressus	1	0	1	0	0	0	0	0	1	2	0	0	synonym to Dorcabune progressus	
Artiodactyla	Tragulidae	indet.	indet.	1	0	1	0	0	0	0	0	1	2	0	0	?	
Artiodactyla	Tragulidae	Siamotragulus	bugtiensis	1	0	1	0	0	0	0	0	1	2	0	0		
Artiodactyla	Tragulidae	Siamotragulus	haripounchai 	1	0	1	0	0	0	0	0	1	2	0	0		
Artiodactyla	Tragulidae	Siamotragulus	indicus	1	0	1	0	0	0	0	0	1	2	0	0		
Artiodactyla	Tragulidae	Siamotragulus	sanyathanai	1	0	1	0	0	0	0	0	1	2	0	0	photo	
Artiodactyla	Tragulidae	Yunnanotherium	indet.	1	0	1	0	0	0	0	0	1	2	0	0	by genus photo	
Artiodactyla	Tragulidae	Yunnanotherium	simplex	1	0	1	0	0	0	0	0	1	2	0	0	photo in Han 1986	
Hyracoidea	indet.	indet.	indet.	1	0	1	0	0	0	0	0	1	1	2	0	?	
Hyracoidea	Pliohyracidae	Postschizotherium	indet.	1	0	1	0	0	0	0	0	1	1	2	0	Chen	
Perissodactyla	Chalicotheriidae	Ancylotherium	indet.	1	0	1	0	0	0	0	0	1	1	2	0	by Chen et al.	
Perissodactyla	Chalicotheriidae	Anisodon	grande	1	0	1	0	0	0	0	0	1	1	2	0		
Perissodactyla	Chalicotheriidae	Anisodon	wuduensis	1	0	1	0	0	0	0	0	1	1	2	0	by genus (acute ectoloph and cusps)	
Perissodactyla	Chalicotheriidae	Chalicotherium	brevirostris	1	0	1	0	0	0	0	0	1	1	2	0	by genus my museums	
Perissodactyla	Chalicotheriidae	Chalicotherium	indet.	1	0	1	0	0	0	0	0	1	1	2	0	genus photo	
Perissodactyla	Chalicotheriidae	Hesperotherium	indet.	1	0	1	0	0	0	0	0	1	1	2	0	by genus photo	
Perissodactyla	Chalicotheriidae	Huanghotherium	anlungensis	1	0	1	0	0	0	0	0	1	1	2	0	by genus	
Perissodactyla	Chalicotheriidae	indet.	indet.	1	0	1	0	0	0	0	0	1	1	2	0	?	
Perissodactyla	Chalicotheriidae	Macrotherium	indet.	1	0	1	0	0	0	0	0	1	1	2	0	photo Chen, 2013	
Perissodactyla	Chalicotheriidae	Macrotherium	yuanmouensis	1	0	1	0	0	0	0	0	1	1	2	0	?	
Perissodactyla	Chalicotheriidae	Nestoritherium	fuguense	1	0	1	0	0	0	0	0	1	1	2	0		
Perissodactyla	Chalicotheriidae	Nestoritherium	indet.	1	0	1	0	0	0	0	0	1	1	2	0	by genus pictures	
Perissodactyla	Chalicotheriidae	Phyllotillon	huangheensis	1	0	1	0	0	0	0	0	1	1	2	0		
Perissodactyla	Chalicotheriidae	Phyllotillon	nariscus	1	0	1	0	0	0	0	0	1	1	2	0		
Perissodactyla	Chalicotheriidae	Schizotherium	pilgrimi	1	0	1	0	0	0	0	0	1	1	2	0		
Perissodactyla	Equidae	Anchitherium	aurelianense	1	0	1	0	0	0	0	0	1	1	2	0		
Perissodactyla	Equidae	Anchitherium	gobiensis	1	0	1	0	0	0	0	0	1	1	2	0	\N	
Perissodactyla	Equidae	Anchitherium	indet.	1	0	1	0	0	0	0	0	1	1	2	0	by genus	
Perissodactyla	Equidae	Cormohipparion	chiai	3	0	0	1	0	1	0	1	1	2	0	0	?	
Perissodactyla	Equidae	Cormohipparion	weihoense	3	0	0	1	0	1	0	1	1	2	0	0	by genus	
Perissodactyla	Equidae	Equus	indet.	3	0	0	1	0	1	0	1	1	2	0	0	?	
Perissodactyla	Equidae	Equus	yunnanensis	3	0	0	1	0	1	0	1	1	2	0	0	?	
Perissodactyla	Equidae	Hipparion	chiai	3	0	0	1	0	1	0	1	1	2	0	0		
Perissodactyla	Equidae	Hipparion	chilongensis	3	0	0	1	0	1	0	1	1	2	0	0	by genus	
Perissodactyla	Equidae	Hipparion	coelophyes	3	0	0	1	0	1	0	1	1	2	0	0	by genus	
Perissodactyla	Equidae	Hipparion	dermatorhinum	3	0	0	1	0	1	0	1	1	2	0	0	by genus	
Perissodactyla	Equidae	Hipparion	dongxiangense	3	0	0	1	0	1	0	1	1	2	0	0	by genus	
Perissodactyla	Equidae	Hipparion	forstenae	3	0	0	1	0	1	0	1	1	2	0	0	by genus	
Perissodactyla	Equidae	Hipparion	fossatum	3	0	0	1	0	1	0	1	1	2	0	0	by genus	
Perissodactyla	Equidae	Hipparion	guizhongensis	3	0	0	1	0	1	0	1	1	2	0	0	by genus	
Perissodactyla	Equidae	Hipparion	hippidiodus	3	0	0	1	0	1	0	1	1	2	0	0	by genus	
Perissodactyla	Equidae	Hipparion	houfenense	3	0	0	1	0	1	0	1	1	2	0	0	by genus	
Perissodactyla	Equidae	Hipparion	huangheense	3	0	0	1	0	1	0	1	1	2	0	0		
Perissodactyla	Equidae	Hipparion	indet.	3	0	0	1	0	1	0	1	1	2	0	0	by genus	
Perissodactyla	Equidae	Hipparion	insperatum	3	0	0	1	0	1	0	1	1	2	0	0		
Perissodactyla	Equidae	Hipparion	kreugeri	3	0	0	1	0	1	0	1	1	2	0	0	by genus	
Perissodactyla	Equidae	Hipparion	parvum	3	0	0	1	0	1	0	1	1	2	0	0	by genus	
Perissodactyla	Equidae	Hipparion	pater	3	0	0	1	0	1	0	1	1	2	0	0	?	
Perissodactyla	Equidae	Hipparion	platyodus	3	0	0	1	0	1	0	1	1	2	0	0	by genus	
Perissodactyla	Equidae	Hipparion	plocodus	3	0	0	1	0	1	0	1	1	2	0	0	by genus	
Perissodactyla	Equidae	Hipparion	ptychodus	3	0	0	1	0	1	0	1	1	2	0	0	by genus	
Perissodactyla	Equidae	Hipparion	sp.	3	0	0	1	0	1	0	1	1	2	0	0	by genus	
Perissodactyla	Equidae	Hipparion	teilhardi	3	0	0	1	0	1	0	1	1	2	0	0	?	
Perissodactyla	Equidae	Hipparion	xizangesis	3	0	0	1	0	1	0	1	1	2	0	0	speciemen photp	
Perissodactyla	Equidae	Hipparion	zandaense	3	0	0	1	0	1	0	1	1	2	0	0	by genus	
Perissodactyla	Equidae	indet.	indet.	3	0	0	1	0	1	0	1	1	2	0	0	?	
Perissodactyla	Equidae	Proboscidipparion	pater	3	0	0	1	0	1	0	1	1	2	0	0	by genus	
Perissodactyla	Equidae	Proboscidipparion	sinense	3	0	0	1	0	1	0	1	1	2	0	0	(from sinensis)	
Perissodactyla	Equidae	Sinohippus	robustus	1	0	1	0	0	0	0	0	1	1	2	0	by genus	
Perissodactyla	Equidae	Sinohippus	zitteli	1	0	1	0	0	0	0	0	1	1	2	0	by genus	
Perissodactyla	Rhinocerotidae	Aceratherium	huadeensis	1	0	1	1	0	0	0	0	1	1	2	0	by genus	
Perissodactyla	Rhinocerotidae	Aceratherium	indet.	1	0	1	1	0	0	0	0	1	1	2	0		
Perissodactyla	Rhinocerotidae	Aceratherium	porpani	1	0	1	1	0	0	0	0	1	1	2	0	?	
Perissodactyla	Rhinocerotidae	Acerorhinus	fuguensis	1	0	1	1	0	0	0	0	1	1	2	0	by genus publication	
Perissodactyla	Rhinocerotidae	Acerorhinus	hezhengensis	1	0	1	1	0	0	0	0	1	1	2	0	by genus publication	
Perissodactyla	Rhinocerotidae	Acerorhinus	indet.	1	0	1	1	0	0	0	0	1	1	2	0	by genus publication	
Perissodactyla	Rhinocerotidae	Acerorhinus	palaeosinensis	1	0	1	1	0	0	0	0	1	1	2	0	by genus publication	
Perissodactyla	Rhinocerotidae	Acerorhinus	tianzhuense	1	0	1	1	0	0	0	0	1	1	2	0	by genus publication	
Perissodactyla	Rhinocerotidae	Acerorhinus	tsaidamensis	1	0	1	1	0	0	0	0	1	1	2	0	by genus publication	
Perissodactyla	Rhinocerotidae	Acerorhinus	yuanmouensis	1	0	1	1	0	0	0	0	1	1	2	0		
Perissodactyla	Rhinocerotidae	Acerorhinus	zernowi	1	0	1	1	0	0	0	0	1	1	2	0	\N	
Perissodactyla	Rhinocerotidae	Alicornops	complanatum	1	0	1	1	0	0	0	0	1	1	2	0	?	
Perissodactyla	Rhinocerotidae	Alicornops	indet.	1	0	1	1	0	0	0	0	1	1	2	0		
Perissodactyla	Rhinocerotidae	Alicornops	laogouense	1	0	1	1	0	0	0	0	1	1	2	0	\N	
Perissodactyla	Rhinocerotidae	Aprotodon	fatehjangense	1	0	1	1	0	0	0	0	1	1	2	0	\N	
Perissodactyla	Rhinocerotidae	Aprotodon	lanzhouensis	1	0	1	1	0	0	0	0	1	1	2	0	by genus	
Perissodactyla	Rhinocerotidae	Brachypotherium	fatehjangense	1	0	1	1	0	0	0	0	1	1	2	0	\N	
Perissodactyla	Rhinocerotidae	Brachypotherium	indet.	1	0	1	1	0	0	0	0	1	1	2	0	\N	
Perissodactyla	Rhinocerotidae	Brachypotherium	perimense	1	0	1	1	0	0	0	0	1	1	2	0	?	
Perissodactyla	Rhinocerotidae	Brachypotherium	shanwangensis	1	0	1	1	0	0	0	0	1	1	2	0		
Perissodactyla	Rhinocerotidae	Brachypotherium	sp.	1	0	1	1	0	0	0	0	1	1	2	0	by genus	
Perissodactyla	Rhinocerotidae	Bugtirhinus	indet.	1	0	1	1	0	0	0	0	1	1	2	0		
Perissodactyla	Rhinocerotidae	Bugtirhinus	praecursor	1	0	1	1	0	0	0	0	1	1	2	0		
Perissodactyla	Rhinocerotidae	Caementodon	oettingenae	1	0	1	1	0	0	0	0	1	1	2	0	Bugtirhinus	
Perissodactyla	Rhinocerotidae	Chilotheridium	indet.	1	0	1	1	0	0	0	0	1	1	2	0	mistake	
Perissodactyla	Rhinocerotidae	Chilotherium	anderssoni	3	0	1	1	0	0	0	0	1	1	2	0	by genus	
Perissodactyla	Rhinocerotidae	Chilotherium	habereri	2	0	1	1	0	0	0	0	1	1	2	0	photo	
Perissodactyla	Rhinocerotidae	Chilotherium	indet.	1	0	1	1	0	0	0	0	1	1	2	0	by genus	
Perissodactyla	Rhinocerotidae	Chilotherium	palaeosinensis	1	0	1	1	0	0	0	0	1	1	2	0	Synonym to A. palaeosinensis	
Perissodactyla	Rhinocerotidae	Chilotherium	sp.	1	0	1	1	0	0	0	0	1	1	2	0	by genus	
Perissodactyla	Rhinocerotidae	Chilotherium	wimani	2	0	1	1	0	0	0	0	1	1	2	0	by genus	
Perissodactyla	Rhinocerotidae	Chilotherium	xizangensis	1	0	1	1	0	0	0	0	1	1	2	0	by genus	
Perissodactyla	Rhinocerotidae	Chilotherium	yunnaensis	1	0	1	1	0	0	0	0	1	1	2	0	?	
Perissodactyla	Rhinocerotidae	Coelodonta	nihowanensis	3	0	0	1	0	1	0	1	1	2	2	0	\N	
Perissodactyla	Rhinocerotidae	Coelodonta	thibetana	3	0	0	1	0	1	0	1	1	2	2	0	Deng 2011	
Perissodactyla	Rhinocerotidae	Diaceratherium	indet.	1	0	1	1	0	0	0	0	1	1	2	0		
Perissodactyla	Rhinocerotidae	Dicerorhinus	abeli	1	0	1	1	0	0	0	0	1	1	2	0		
Perissodactyla	Rhinocerotidae	Dicerorhinus	gwebinensis	1	0	1	1	0	0	0	0	1	1	2	0	by genus	
Perissodactyla	Rhinocerotidae	Dicerorhinus	indet.	1	0	1	1	0	0	0	0	1	1	2	0	by genus	
Perissodactyla	Rhinocerotidae	Dicerorhinus	ringstroemi	1	0	1	1	0	0	0	0	1	1	2	0	by genus	
Perissodactyla	Rhinocerotidae	Dicerorhinus	shahbazi	1	0	1	1	0	0	0	0	1	1	2	0		
Perissodactyla	Rhinocerotidae	Elasmotherium	indet.	3	0	0	1	0	1	0	1	1	2	2	0	\N	
Perissodactyla	Rhinocerotidae	Gaindatherium	browni	1	0	1	1	0	0	0	0	1	1	2	0	\N	
Perissodactyla	Rhinocerotidae	Gaindatherium	indet.	1	0	1	1	0	0	0	0	1	1	2	0	\N	
Perissodactyla	Rhinocerotidae	gen.	sp.	?	?	?	?	?	?	?	?	?	?	?	?	\N	
Perissodactyla	Rhinocerotidae	Hispanotherium	matritense	3	0	0	1	0	1	0	1	1	1	2	0	\N	
Perissodactyla	Rhinocerotidae	Hispanotherium	tungurense	3	0	0	1	0	1	0	1	1	1	2	0	\N	
Perissodactyla	Rhinocerotidae	Hoploaceratherium	indet.	1	0	1	1	0	0	0	0	1	1	2	0	photo	
Perissodactyla	Rhinocerotidae	indet.	indet.	?	?	?	?	?	?	?	?	?	?	?	?		
Perissodactyla	Rhinocerotidae	Iranotherium	morgani	3	0	0	1	0	1	0	1	1	2	2	0	picture my museum	
Perissodactyla	Rhinocerotidae	Lartetotherium	cixianensis	1	0	1	1	0	0	0	0	1	1	2	0	Dicerohinus	
Perissodactyla	Rhinocerotidae	Ningxiatherium	euryrhinus	3	0	0	1	0	1	0	1	1	1	2	0	by genus	
Perissodactyla	Rhinocerotidae	Ningxiatherium	longirhinus	3	0	0	1	0	1	0	1	1	1	2	0	species photo	
Perissodactyla	Rhinocerotidae	Parelasmotherium	indet.	3	0	0	1	0	1	0	1	1	2	2	0	?	
Perissodactyla	Rhinocerotidae	Parelasmotherium	linxiaense	3	0	0	1	0	1	0	1	1	2	2	0	by genus	
Perissodactyla	Rhinocerotidae	Parelasmotherium	simplum	3	0	0	1	0	1	0	1	1	1	2	0	by genus	
Perissodactyla	Rhinocerotidae	Plesiaceratherium	gracile	1	0	1	1	0	0	0	0	1	1	2	0	\N	
Perissodactyla	Rhinocerotidae	Plesiaceratherium	indet.	1	0	1	1	0	0	0	0	1	1	2	0		
Perissodactyla	Rhinocerotidae	Plesiaceratherium	naricum	1	0	1	1	0	0	0	0	1	1	2	0		
Perissodactyla	Rhinocerotidae	Plesiaceratherium	shanwangensis	1	0	1	1	0	0	0	0	1	1	2	0		
Perissodactyla	Rhinocerotidae	Pleuroceros	blanfordi	1	0	1	1	0	0	0	0	1	1	2	0	Acerothrium	
Perissodactyla	Rhinocerotidae	Procoelodonta	mongoliense	3	0	0	1	0	1	0	1	1	1	2	0	\N	
Perissodactyla	Rhinocerotidae	Protaceratherium	indet.	1	0	1	1	0	0	0	0	1	1	2	0		
Perissodactyla	Rhinocerotidae	Rhinoceros	indet.	2	0	1	1	0	0	0	0	1	1	2	0	by genus present day	
Perissodactyla	Rhinocerotidae	Shansirhinus	ringstromi	2	0	1	1	0	0	0	0	1	1	2	0	publication	
Perissodactyla	Rhinocerotidae	Sinotherium	indet.	3	0	0	1	0	1	0	1	1	1	2	0	by genus	
Perissodactyla	Rhinocerotidae	Sinotherium	lagrelii	3	0	0	1	0	1	0	1	1	1	2	0	similar to Parelasmotherium	
Perissodactyla	Rhinocerotidae	Stephanorhinus	orientalis	1	0	1	1	0	0	0	0	1	1	2	0	by genus	
Perissodactyla	Rhinocerotidae	Stephanorhinus	ringstroemi	1	0	1	1	0	0	0	0	1	1	2	0	by genus	
Perissodactyla	Rhinocerotidae	Subchilotherium	intermedium	1	0	1	1	0	0	0	0	1	1	2	0	by family	
Perissodactyla	Rhinocerotidae	Tesselodon	fangxianensis	3	0	1	1	0	0	0	0	1	2	2	0	\N	
Perissodactyla	Rhinocerotina	indet.	indet.	3	0	0	1	0	1	0	1	1	2	2	0	"Coelodonta 	thibetana in Zanda "	
Perissodactyla	Tapiridae	Palaeotapirus	xiejiaheensis	1	0	1	0	0	0	0	0	1	0	2	0		
Perissodactyla	Tapiridae	Plesiotapirus	yagii	1	0	1	0	0	0	0	0	1	0	2	0		
Perissodactyla	Tapiridae	Tapirus	hezhengensis	1	0	1	0	0	0	0	0	1	0	2	0	by genus	
Perissodactyla	Tapiridae	Tapirus	indet.	1	0	1	0	0	0	0	0	1	0	2	0	by genus	
Perissodactyla	Tapiridae	Tapirus	yunnanensis	1	0	1	0	0	0	0	0	1	0	2	0	by genus	
Primates	Adapidae	Sinoadapis	carnosus	1	1	0	0	0	0	0	0	1	0	0	0	tribe Qi 1998	
Primates	Adapidae	Sinoadapis	parvus	1	1	0	0	0	0	0	0	1	0	0	0	tribe Qi 1998	
Primates	Adapidae	Sinoadapis	shihuibaensis	1	1	0	0	0	0	0	0	1	0	0	0	tribe Qi 1998	
Primates	Adapidae	Sivaladapis	palaeindicus	1	1	0	0	0	0	0	0	1	0	0	0	\N	
Primates	Catarrhini	Kansupithecus	indet.	1	1	0	0	0	0	0	0	1	0	0	0		
Primates	Cercopithecidae	Mesopithecus	pentelicus	1	1	0	0	0	0	0	0	1	0	0	0	Koufos	
Primates	Cercopithecidae	Trachypithecus	indet.	1	1	0	0	0	0	0	0	1	0	0	0	by genus present day AL 50:50	
Primates	Crouzeliidae	Fanchangia	jini	1	1	0	0	0	0	0	0	1	0	0	0		
Primates	Crouzeliidae	Laccopithecus	robustus	1	1	0	0	0	0	0	0	1	0	0	0	genus	
Primates	Dionysopithecidae	Dionysopithecus	shuangouensis	1	1	0	0	0	0	0	0	1	0	0	0		
Primates	Dionysopithecidae	Platodontopithecus	jianghuaiensis	1	1	0	0	0	0	0	0	1	0	0	0		
Primates	Hominidae	Dryopithecus	keiyuanensis	1	1	0	0	0	0	0	0	1	0	0	0	\N	
Primates	Hominidae	Dryopithecus	wuduensis	1	1	0	0	0	0	0	0	1	0	0	0	genus	
Primates	Hominidae	Khoratpithecus	ayeyarwadyensis	1	1	0	0	0	0	0	0	1	0	0	0	by genus pictures	
Primates	Hominidae	Khoratpithecus	piriyai	1	1	0	0	0	0	0	0	1	0	0	0	?	
Primates	Hominidae	Lufengpithecus	chiangmuanensis	1	1	0	0	0	0	0	0	1	0	0	0	?	
Primates	Hominidae	Lufengpithecus	hudienensis	1	1	0	0	0	0	0	0	1	0	0	0	?	
Primates	Hominidae	Lufengpithecus	indet.	1	1	0	0	0	0	0	0	1	0	0	0	?	
Primates	Hominidae	Lufengpithecus	keiyuanensis	1	1	0	0	0	0	0	0	1	0	0	0	\N	
Primates	Hominidae	Lufengpithecus	lufengensis	1	1	0	0	0	0	0	0	1	0	0	0	?	
Primates	Hominidae	Sivapithecus	indicus	1	1	0	0	0	0	0	0	1	0	0	0	?	
Primates	Hominidae	Sivapithecus	lufengensis	1	1	0	0	0	0	0	0	1	0	0	0	genus	
Primates	Hominidae	Sivapithecus	punjabicus	1	1	0	0	0	0	0	0	1	0	0	0	?	
Primates	Hominidae	Sivapithecus	simonsi	1	1	0	0	0	0	0	0	1	0	0	0	\N	
Primates	Hominidae	Sivapithecus	sivalensis	1	1	0	0	0	0	0	0	1	0	0	0	?	
Primates	Hominidae	Yuanmoupithecus	indet.	1	1	0	0	0	0	0	0	1	0	0	0	?	
Primates	Lorisidae	Nycticebus	linglom 	1	1	0	0	0	0	0	0	1	0	0	0		
Primates	Pliopithecidae	Pliopithecus	bii	1	1	0	0	0	0	0	0	1	0	0	0	\N	
Primates	Pliopithecidae	Pliopithecus	indet.	1	1	0	0	0	0	0	0	1	0	0	0	\N	
Primates	Sivaladapidae	Siamoadapis	maemohensis	1	1	0	0	0	0	0	0	1	0	0	0	\N	
Primates	Tarsiidae	Tarsius	sirindhornae	1	1	0	0	0	0	0	0	1	0	0	0	\N	
Primates	Tarsiidae	Tarsius	thailandicus	1	1	0	0	0	0	0	0	1	0	0	0		
Proboscidea	Deinotheriidae	Deinotherium	indet.	1	0	1	0	0	0	0	0	1	0	2	0		
Proboscidea	Deinotheriidae	Deinotherium	indicum	1	0	1	0	0	0	0	0	1	0	2	0	photo	
Proboscidea	Deinotheriidae	Deinotherium	sindiense	1	0	1	0	0	0	0	0	1	0	2	0	\N	
Proboscidea	Deinotheriidae	Prodeinotherium	indet.	1	0	1	0	0	0	0	0	1	0	2	0	\N	
Proboscidea	Deinotheriidae	Prodeinotherium	pentapotamiae	1	0	1	0	0	0	0	0	1	0	2	0	photo	
Proboscidea	Deinotheriidae	Prodeinotherium	sp.	1	0	1	0	0	0	0	0	1	0	2	0	\N	
Proboscidea	Elephantidae	Elephas	indet.	3	0	0	1	0	1	0	1	3	0	3	0	?	
Proboscidea	Elephantidae	Elephas	planifrons	3	0	0	1	0	1	0	1	3	0	3	0	photo	
Proboscidea	Elephantidae	Mammuthus	indet.	3	0	0	1	0	1	0	1	3	0	3	0	\N	
Proboscidea	Elephantidae	Stegotetrabelodon	primitivum	1	0	0	1	0	0	0	0	3	0	3	0	Gomphotherium like	
Proboscidea	Gomphotheriidae	Amebelodon	indet.	1	1	0	0	0	0	0	0	3	0	0	1	by genus online pictures plus by family	
Proboscidea	Gomphotheriidae	Anancus	khetpuraliensis	1	1	0	0	0	0	0	0	3	0	0	1	?	
Proboscidea	Gomphotheriidae	Anancus	sinensis	1	1	0	0	0	0	0	0	3	0	0	1	photo	
Proboscidea	Gomphotheriidae	Archaeobelodon	indet.	1	1	0	0	0	0	0	0	3	0	0	1		
Proboscidea	Gomphotheriidae	Choerolophodon	corrugatus	1	1	0	0	0	0	0	0	2	0	0	1	photo	
Proboscidea	Gomphotheriidae	Choerolophodon	indet.	1	1	0	0	0	0	0	0	2	0	0	1		
Proboscidea	Gomphotheriidae	Gomphotherium	browni	1	1	0	0	0	0	0	0	2	0	0	1	photo	
Proboscidea	Gomphotheriidae	Gomphotherium	connexum	1	1	0	0	0	0	0	0	2	0	0	1	\N	
Proboscidea	Gomphotheriidae	Gomphotherium	cooperi	1	1	0	0	0	0	0	0	2	0	0	1		
Proboscidea	Gomphotheriidae	Gomphotherium	indet.	1	1	0	0	0	0	0	0	2	0	0	1	by genus online pictures plus by family	
Proboscidea	Gomphotheriidae	Gomphotherium	macrognathus	1	1	0	0	0	0	0	0	2	0	0	1	\N	
Proboscidea	Gomphotheriidae	Gomphotherium	steinheimense	1	1	0	0	0	0	0	0	2	0	0	1	\N	
Proboscidea	Gomphotheriidae	Gomphotherium	subtapiroideum	1	1	0	0	0	0	0	0	2	0	0	1	\N	
Proboscidea	Gomphotheriidae	Gomphotherium	wimani	1	1	0	0	0	0	0	0	2	0	0	1	photo	
Proboscidea	Gomphotheriidae	indet.	indet.	1	1	0	0	0	0	0	0	2	0	0	1	?	
Proboscidea	Gomphotheriidae	Paratetralophodon	hasnotensis	1	0	0	1	0	0	0	0	3	0	3	1	tetralophodont	
Proboscidea	Gomphotheriidae	Platybelodon	dangheensis	1	1	0	0	0	0	0	0	2	0	0	1		
Proboscidea	Gomphotheriidae	Platybelodon	danovi	1	1	0	0	0	0	0	0	2	0	0	1	\N	
Proboscidea	Gomphotheriidae	Platybelodon	grangeri	1	1	0	0	0	0	0	0	2	0	0	1	by genus online pictures plus by family	
Proboscidea	Gomphotheriidae	Platybelodon	indet.	1	1	0	0	0	0	0	0	2	0	0	1	by genus online pictures plus by family	
Proboscidea	Gomphotheriidae	Protanancus	chinjiensis	1	1	0	0	0	0	0	0	2	0	0	1	\N	
Proboscidea	Gomphotheriidae	Rhynchotherium	huananensis	1	1	0	0	0	0	0	0	2	0	0	1	picture	
Proboscidea	Gomphotheriidae	Selenolophodon	spectabilis	1	1	0	0	0	0	0	0	2	0	0	1	Platybelodon	
Proboscidea	Gomphotheriidae	Sinomastodon	indet.	1	1	0	0	0	0	0	0	2	0	0	1	by genus pictures	
Proboscidea	Gomphotheriidae	Tetralophodon	exoletus	1	0	0	1	0	0	0	0	3	0	3	1	by genus online pictures	
Proboscidea	Gomphotheriidae	Tetralophodon	indet.	1	0	0	1	0	0	0	0	3	0	3	1	by genus online pictures	
Proboscidea	Gomphotheriidae	Tetralophodon	xiaohensis	1	0	0	1	0	0	0	0	3	0	3	1	?	
Proboscidea	Gomphotheriidae	Tetralophodon	xiaolongtanensis	1	0	0	1	0	0	0	0	3	0	3	1	\N	
Proboscidea	indet.	indet.	indet.	?	?	?	?	?	?	?	?	?	?	?	?		
Proboscidea	Mammutidae	Mammut	borsoni	1	0	0	1	0	0	0	0	2	0	3	0	Codrea and Diaconu	
Proboscidea	Mammutidae	Mammut	zhepengensis	1	0	0	1	0	0	0	0	2	0	3	0	genus photo	
Proboscidea	Mammutidae	Miomastodon	gobiensis	1	0	0	1	0	0	0	0	2	0	3	0	\N	
Proboscidea	Mammutidae	Miomastodon	indet.	1	0	0	1	0	0	0	0	2	0	3	0	\N	
Proboscidea	Mammutidae	Miomastodon	metachinjiensis	1	0	0	1	0	0	0	0	2	0	3	0		
Proboscidea	Mammutidae	Miomastodon	tongxinensis	1	0	0	1	0	0	0	0	2	0	3	0	Wang et al., 2020. Reappraisal of Serridentinus gobiensis Osborn & Granger and Miomastodon tongxinensis Chen: the validity of Miomastodon	
Proboscidea	Mammutidae	Zygolophodon	chinjiensis	1	0	0	1	0	0	0	0	2	0	3	0	\N	
Proboscidea	Mammutidae	Zygolophodon	indet.	1	0	0	1	0	0	0	0	2	0	3	0	by genus online pictures	
Proboscidea	Mammutidae	Zygolophodon	lufengensis	1	0	0	1	0	0	0	0	2	0	3	0	by genus online pictures	
Proboscidea	Mammutidae	Zygolophodon	nemonguensis	1	0	0	1	0	0	0	0	2	0	3	0	\N	
Proboscidea	Mastodontidae	indet.	indet.	1	0	0	1	0	0	0	0	2	0	3	0		
Proboscidea	Stegodontidae	Stegodon	banguoensis	1	0	1	0	0	0	0	0	3	0	3	0	picture	
Proboscidea	Stegodontidae	Stegodon	bombifrons	1	0	1	0	0	0	0	0	3	0	3	0	?	
Proboscidea	Stegodontidae	Stegodon	elephantoides	1	0	1	0	0	0	0	0	3	0	3	0	by genus pictures	
Proboscidea	Stegodontidae	Stegodon	indet.	1	0	1	0	0	0	0	0	3	0	3	0	genus photo	
Proboscidea	Stegodontidae	Stegodon	insignis	1	0	1	0	0	0	0	0	3	0	3	0	by genus pictures	
Proboscidea	Stegodontidae	Stegodon	licenti	1	0	1	0	0	0	0	0	3	0	3	0	by genus pictures	
Proboscidea	Stegodontidae	Stegodon	zdanskyi	1	0	1	0	0	0	0	0	3	0	3	0	by genus pictures	
Proboscidea	Stegodontidae	Stegodon	zhaotongensis	1	0	1	0	0	0	0	0	3	0	3	0	species photo	
Proboscidea	Stegodontidae	Stegolophodon	hueiheensis	1	0	0	1	0	0	0	0	3	0	3	0		
Proboscidea	Stegodontidae	Stegolophodon	indet.	1	0	0	1	0	0	0	0	3	0	3	0	(from Elephantidae Stegolophodon)	
Proboscidea	Stegodontidae	Stegolophodon	latidens	1	0	0	1	0	0	0	0	3	0	3	0	\N	
Proboscidea	Stegodontidae	Stegolophodon	primitium	1	0	0	1	0	0	0	0	3	0	3	0	(from Elephantidae Stegolophodon)	
Proboscidea	Stegodontidae	Stegolophodon	stegodontoides	1	0	0	1	0	0	0	0	3	0	3	0	(from Elephantidae Stegolophodon)	
Proboscidea	Stegodontidae	Stegolophodon	yanyiensis	1	0	0	1	0	0	0	0	3	0	3	0	(from Elephantidae Stegolophodon)	
