MSW_TAXON	TAXON	ORDER	FAMILY	HYP	LOP	FCT_HOD	FCT_AL	FCT_OL	FCT_SF	FCT_OT	FCT_CM	OO	ETH	LOPT
Antilocapra americana	Antilocapra americana	Artiodactyla	Antilocapridae	3	2	1	0	1	0	0	0	1	0	0
Addax nasomaculatus	Addax nasomaculatus	Artiodactyla	Bovidae	3	2	1	0	1	1	0	0	0	0	0
Aepyceros melampus	Aepyceros melampus	Artiodactyla	Bovidae	3	2	1	0	1	0	0	0	1	0	0
Alcelaphus buselaphus	Alcelaphus buselaphus	Artiodactyla	Bovidae	3	2	1	0	1	0	1	0	0	0	0
Alcelaphus caama	Alcelaphus caama	Artiodactyla	Bovidae	3	2	1	0	1	0	1	0	0	0	0
Alcelaphus lichtensteinii	Alcelaphus lichtensteinii	Artiodactyla	Bovidae	3	2	1	0	1	0	1	0	0	0	0
Ammodorcas clarkei	Ammodorcas clarkei	Artiodactyla	Bovidae	3	2	1	0	1	0	0	0	1	0	0
Ammotragus lervia	Ammotragus lervia	Artiodactyla	Bovidae	3	2	1	0	1	0	0	0	1	0	0
Antidorcas marsupialis	Antidorcas marsupialis	Artiodactyla	Bovidae	3	2	1	0	1	0	0	0	1	0	0
Antilope cervicapra	Antilope cervicapra	Artiodactyla	Bovidae	3	2	1	0	1	0	0	0	1	0	0
Beatragus hunteri	Beatragus hunteri	Artiodactyla	Bovidae	3	2	1	0	1	0	1	0	0	0	0
Bison bison	Bison bison	Artiodactyla	Bovidae	3	2	1	0	1	1	0	0	0	0	0
Bison bonasus	Bison bonasus	Artiodactyla	Bovidae	3	2	1	0	1	1	0	0	0	0	0
Bos frontalis	Bos frontalis	Artiodactyla	Bovidae	3	2	1	0	1	1	0	1	0	0	0
Bos grunniens	Bos grunniens	Artiodactyla	Bovidae	3	2	1	0	1	1	0	1	0	0	0
Bos javanicus	Bos javanicus	Artiodactyla	Bovidae	3	2	1	0	1	1	0	1	0	0	0
Bos sauveli	Bos sauveli	Artiodactyla	Bovidae	3	2	1	0	1	1	0	1	0	0	0
Bos taurus	Bos taurus	Artiodactyla	Bovidae	3	2	1	0	1	1	0	1	0	0	0
Boselaphus tragocamelus	Boselaphus tragocamelus	Artiodactyla	Bovidae	3	2	1	0	1	1	0	0	0	0	0
Bubalus bubalis	Bubalus bubalis	Artiodactyla	Bovidae	3	2	1	0	1	1	0	1	0	0	0
Bubalus depressicornis	Bubalus depressicornis	Artiodactyla	Bovidae	3	2	1	0	1	1	0	1	0	0	0
Bubalus mindorensis	Bubalus mindorensis	Artiodactyla	Bovidae	3	2	1	0	1	1	0	1	0	0	0
Bubalus quarlesi	Bubalus quarlesi	Artiodactyla	Bovidae	3	2	1	0	1	1	0	1	0	0	0
Budorcas taxicolor	Budorcas taxicolor	Artiodactyla	Bovidae	3	2	1	0	1	0	0	0	1	0	0
Capra caucasica	Capra caucasica	Artiodactyla	Bovidae	3	2	1	0	1	0	0	0	1	0	0
Capra caucasica cylindricornis	Capra cylindricornis	Artiodactyla	Bovidae	3	2	1	0	1	0	0	0	1	0	0
Capra falconeri	Capra falconeri	Artiodactyla	Bovidae	3	2	1	0	1	0	0	0	1	0	0
Capra hircus	Capra hircus	Artiodactyla	Bovidae	3	2	1	0	1	0	0	0	1	0	0
Capra ibex	Capra ibex	Artiodactyla	Bovidae	3	2	1	0	1	0	0	0	1	0	0
Capra nubiana	Capra nubiana	Artiodactyla	Bovidae	3	2	1	0	1	0	0	0	1	0	0
Capra pyrenaica	Capra pyrenaica	Artiodactyla	Bovidae	3	2	1	0	1	0	0	0	1	0	0
Capra sibirica	Capra sibirica	Artiodactyla	Bovidae	3	2	1	0	1	0	0	0	1	0	0
Capra walie	Capra walie	Artiodactyla	Bovidae	3	2	1	0	1	0	0	0	1	0	0
Capricornis crispus	Capricornis crispus	Artiodactyla	Bovidae	3	2	1	0	1	0	0	0	1	0	0
Capricornis milneedwardsii	Capricornis milneedwardsii	Artiodactyla	Bovidae	3	2	1	0	1	0	0	0	1	0	0
Capricornis rubidus	Capricornis rubidus	Artiodactyla	Bovidae	3	2	1	0	1	0	0	0	1	0	0
Capricornis sumatraensis	Capricornis sumatraensis	Artiodactyla	Bovidae	3	2	1	0	1	0	0	0	1	0	0
Capricornis swinhoei	Capricornis swinhoei	Artiodactyla	Bovidae	2	2	1	1	1	0	0	0	0	0	0
Capricornis thar	Capricornis thar	Artiodactyla	Bovidae	3	2	1	0	1	0	0	0	1	0	0
Cephalophus adersi	Cephalophus adersi	Artiodactyla	Bovidae	2	2	1	0	1	1	0	0	0	0	0
Cephalophus brookei	Cephalophus brookei	Artiodactyla	Bovidae	2	2	1	0	1	1	0	0	0	0	0
Cephalophus callipygus	Cephalophus callipygus	Artiodactyla	Bovidae	2	2	1	0	1	1	0	0	0	0	0
Cephalophus dorsalis	Cephalophus dorsalis	Artiodactyla	Bovidae	2	2	1	0	1	1	0	0	0	0	0
Cephalophus natalensis harveyi	Cephalophus harveyi	Artiodactyla	Bovidae	2	2	1	0	1	1	0	0	0	0	0
Cephalophus jentinki	Cephalophus jentinki	Artiodactyla	Bovidae	2	2	1	1	1	0	0	0	0	0	0
Cephalophus leucogaster	Cephalophus leucogaster	Artiodactyla	Bovidae	2	2	1	0	1	1	0	0	0	0	0
Cephalophus maxwellii	Cephalophus maxwellii	Artiodactyla	Bovidae	1	2	1	0	1	1	0	0	0	0	0
Cephalophus natalensis	Cephalophus natalensis	Artiodactyla	Bovidae	2	2	1	1	1	0	0	0	0	0	0
Cephalophus niger	Cephalophus niger	Artiodactyla	Bovidae	2	2	1	0	1	1	0	0	0	0	0
Cephalophus nigrifrons	Cephalophus nigrifrons	Artiodactyla	Bovidae	2	2	1	0	1	1	0	0	0	0	0
Cephalophus ogilbyi	Cephalophus ogilbyi	Artiodactyla	Bovidae	2	2	1	0	1	1	0	0	0	0	0
Cephalophus rufilatus	Cephalophus rufilatus	Artiodactyla	Bovidae	2	2	1	0	1	1	0	0	0	0	0
Cephalophus silvicultor	Cephalophus silvicultor	Artiodactyla	Bovidae	2	2	1	0	1	1	0	0	0	0	0
Cephalophus spadix	Cephalophus spadix	Artiodactyla	Bovidae	2	2	1	0	1	1	0	0	0	0	0
Cephalophus weynsi	Cephalophus weynsi	Artiodactyla	Bovidae	2	2	1	1	1	0	0	0	0	0	0
Cephalophus zebra	Cephalophus zebra	Artiodactyla	Bovidae	2	2	1	0	1	0	0	0	1	0	0
Connochaetes gnou	Connochaetes gnou	Artiodactyla	Bovidae	3	2	1	0	1	0	1	0	0	0	0
Connochaetes taurinus	Connochaetes taurinus	Artiodactyla	Bovidae	3	2	1	0	1	0	1	0	0	0	0
Damaliscus korrigum	Damaliscus korrigum	Artiodactyla	Bovidae	3	2	1	0	1	0	1	0	0	0	0
Damaliscus lunatus	Damaliscus lunatus	Artiodactyla	Bovidae	3	2	1	0	1	0	1	0	0	0	0
Damaliscus pygargus	Damaliscus pygargus	Artiodactyla	Bovidae	3	2	1	0	1	0	1	0	0	0	0
Damaliscus superstes	Damaliscus superstes	Artiodactyla	Bovidae	3	2	1	0	1	0	1	0	0	0	0
Dorcatragus megalotis	Dorcatragus megalotis	Artiodactyla	Bovidae	3	2	1	1	1	0	0	0	0	0	0
Eudorcas rufifrons	Eudorcas rufifrons	Artiodactyla	Bovidae	3	2	1	1	1	0	0	0	0	0	0
Eudorcas rufina	Eudorcas rufina	Artiodactyla	Bovidae	3	2	1	0	1	0	0	0	1	0	0
Eudorcas thomsonii	Eudorcas thomsonii	Artiodactyla	Bovidae	3	2	1	0	1	0	0	0	1	0	0
Gazella arabica	Gazella arabica	Artiodactyla	Bovidae	3	2	1	0	1	0	0	0	1	0	0
Gazella bennettii	Gazella bennettii	Artiodactyla	Bovidae	3	2	1	0	1	0	0	0	1	0	0
Gazella cuvieri	Gazella cuvieri	Artiodactyla	Bovidae	2	2	1	0	1	0	0	0	1	0	0
Gazella dorcas	Gazella dorcas	Artiodactyla	Bovidae	3	2	1	0	1	0	0	0	1	0	0
Gazella erlangeri	Gazella erlangeri	Artiodactyla	Bovidae	3	2	1	0	1	0	0	0	1	0	0
Gazella gazella	Gazella gazella	Artiodactyla	Bovidae	2	2	1	0	1	0	0	0	1	0	0
Gazella leptoceros	Gazella leptoceros	Artiodactyla	Bovidae	3	2	1	0	1	0	0	0	1	0	0
Gazella saudiya	Gazella saudiya	Artiodactyla	Bovidae	3	2	1	0	1	0	0	0	1	0	0
Gazella spekei	Gazella spekei	Artiodactyla	Bovidae	3	2	1	0	1	0	0	0	1	0	0
Gazella subgutturosa	Gazella subgutturosa	Artiodactyla	Bovidae	3	2	1	0	1	0	0	0	1	0	0
Hemitragus hylocrius	Hemitragus hylocrius	Artiodactyla	Bovidae	3	2	1	0	1	0	0	0	1	0	0
Hemitragus jayakari	Hemitragus jayakari	Artiodactyla	Bovidae	3	2	1	0	1	0	0	0	1	0	0
Hemitragus jemlahicus	Hemitragus jemlahicus	Artiodactyla	Bovidae	3	2	1	0	1	0	0	0	1	0	0
Hippotragus equinus	Hippotragus equinus	Artiodactyla	Bovidae	3	2	1	0	1	1	0	0	0	0	0
Hippotragus leucophaeus	Hippotragus leucophaeus	Artiodactyla	Bovidae	3	2	1	0	1	1	0	0	0	0	0
Hippotragus niger	Hippotragus niger	Artiodactyla	Bovidae	3	2	1	0	1	1	0	0	0	0	0
Kobus ellipsiprymnus	Kobus ellipsiprymnus	Artiodactyla	Bovidae	3	2	1	0	1	1	0	0	0	0	0
Kobus kob	Kobus kob	Artiodactyla	Bovidae	3	2	1	0	1	1	0	1	0	0	0
Kobus leche	Kobus leche	Artiodactyla	Bovidae	3	2	1	0	1	1	0	1	0	0	0
Kobus megaceros	Kobus megaceros	Artiodactyla	Bovidae	3	2	1	0	1	1	0	0	0	0	0
Kobus vardonii	Kobus vardonii	Artiodactyla	Bovidae	3	2	1	0	1	1	0	0	0	0	0
Litocranius walleri	Litocranius walleri	Artiodactyla	Bovidae	2	2	1	0	1	0	0	0	1	0	0
Madoqua guentheri	Madoqua guentheri	Artiodactyla	Bovidae	2	2	1	0	1	0	0	0	1	0	0
Madoqua kirkii	Madoqua kirkii	Artiodactyla	Bovidae	2	2	1	0	1	0	0	0	1	0	0
Madoqua piacentinii	Madoqua piacentinii	Artiodactyla	Bovidae	2	2	1	0	1	0	0	0	1	0	0
Madoqua saltiana	Madoqua saltiana	Artiodactyla	Bovidae	2	2	1	0	1	0	0	0	1	0	0
Naemorhedus baileyi	Naemorhedus baileyi	Artiodactyla	Bovidae	3	2	1	0	1	0	0	0	1	0	0
Naemorhedus caudatus	Naemorhedus caudatus	Artiodactyla	Bovidae	3	2	1	0	1	0	0	0	1	0	0
Naemorhedus goral	Naemorhedus goral	Artiodactyla	Bovidae	3	2	1	0	1	0	0	0	1	0	0
Naemorhedus griseus	Naemorhedus griseus	Artiodactyla	Bovidae	3	2	1	0	1	0	0	0	1	0	0
Naemorhedus sumatraensis	Naemorhedus sumatraensis	Artiodactyla	Bovidae	3	2	1	0	1	0	0	0	1	0	0
Nanger dama	Nanger dama	Artiodactyla	Bovidae	3	2	1	0	1	0	0	0	1	0	0
Nanger granti	Nanger granti	Artiodactyla	Bovidae	3	2	1	0	1	0	0	0	1	0	0
Nanger soemmerringii	Nanger soemmerringii	Artiodactyla	Bovidae	3	2	1	0	1	0	0	0	1	0	0
Neotragus batesi	Neotragus batesi	Artiodactyla	Bovidae	2	2	1	0	1	0	0	0	1	0	0
Neotragus moschatus	Neotragus moschatus	Artiodactyla	Bovidae	2	2	1	0	1	0	0	0	1	0	0
Neotragus pygmaeus	Neotragus pygmaeus	Artiodactyla	Bovidae	2	2	1	0	1	0	0	0	1	0	0
Oreamnos americanus	Oreamnos americanus	Artiodactyla	Bovidae	3	2	1	0	1	0	0	0	1	0	0
Oreotragus oreotragus	Oreotragus oreotragus	Artiodactyla	Bovidae	3	2	1	0	1	0	0	0	1	0	0
Oryx beisa	Oryx beisa	Artiodactyla	Bovidae	3	2	1	0	1	1	0	0	0	0	0
Oryx dammah	Oryx dammah	Artiodactyla	Bovidae	3	2	1	0	1	1	0	0	0	0	0
Oryx gazella	Oryx gazella	Artiodactyla	Bovidae	3	2	1	0	1	1	0	0	0	0	0
Oryx leucoryx	Oryx leucoryx	Artiodactyla	Bovidae	3	2	1	0	1	1	0	0	0	0	0
Ourebia ourebi	Ourebia ourebi	Artiodactyla	Bovidae	3	2	1	0	1	1	0	0	0	0	0
Ovibos moschatus	Ovibos moschatus	Artiodactyla	Bovidae	3	2	1	0	1	0	0	0	1	0	0
Ovis ammon	Ovis ammon	Artiodactyla	Bovidae	3	2	1	0	1	0	0	0	1	0	0
Ovis aries	Ovis aries	Artiodactyla	Bovidae	3	2	1	0	1	0	0	0	1	0	0
Ovis canadensis	Ovis canadensis	Artiodactyla	Bovidae	3	2	1	0	1	0	0	0	1	0	0
Ovis dalli	Ovis dalli	Artiodactyla	Bovidae	3	2	1	0	1	0	0	0	1	0	0
Ovis nivicola	Ovis nivicola	Artiodactyla	Bovidae	3	2	1	0	1	0	0	0	1	0	0
Pantholops hodgsonii	Pantholops hodgsonii	Artiodactyla	Bovidae	3	2	1	0	1	0	0	0	1	0	0
Pelea capreolus	Pelea capreolus	Artiodactyla	Bovidae	3	2	1	0	1	0	0	0	1	0	0
Philantomba maxwellii	Philantomba maxwellii	Artiodactyla	Bovidae	1	2	1	0	1	1	0	0	0	0	0
Philantomba monticola	Philantomba monticola	Artiodactyla	Bovidae	1	2	1	0	1	1	0	0	0	0	0
Procapra gutturosa	Procapra gutturosa	Artiodactyla	Bovidae	3	2	1	0	1	0	0	0	1	0	0
Procapra picticaudata	Procapra picticaudata	Artiodactyla	Bovidae	3	2	1	0	1	0	0	0	1	0	0
Procapra przewalskii	Procapra przewalskii	Artiodactyla	Bovidae	3	2	1	0	1	0	0	0	1	0	0
Pseudois nayaur	Pseudois nayaur	Artiodactyla	Bovidae	3	2	1	0	1	0	0	0	1	0	0
Pseudois schaeferi	Pseudois schaeferi	Artiodactyla	Bovidae	3	2	1	0	1	0	0	0	1	0	0
Pseudoryx nghetinhensis	Pseudoryx nghetinhensis	Artiodactyla	Bovidae	3	2	1	0	1	0	0	0	1	0	0
Raphicerus campestris	Raphicerus campestris	Artiodactyla	Bovidae	3	2	1	0	1	0	0	0	1	0	0
Raphicerus melanotis	Raphicerus melanotis	Artiodactyla	Bovidae	3	2	1	0	1	0	0	0	1	0	0
Raphicerus sharpei	Raphicerus sharpei	Artiodactyla	Bovidae	3	2	1	0	1	0	0	0	1	0	0
Redunca arundinum	Redunca arundinum	Artiodactyla	Bovidae	3	2	1	0	1	1	0	1	0	0	0
Redunca fulvorufula	Redunca fulvorufula	Artiodactyla	Bovidae	3	2	1	0	1	1	0	1	0	0	0
Redunca redunca	Redunca redunca	Artiodactyla	Bovidae	3	2	1	0	1	1	0	1	0	0	0
Rupicapra pyrenaica	Rupicapra pyrenaica	Artiodactyla	Bovidae	3	2	1	0	1	0	0	0	1	0	0
Rupicapra rupicapra	Rupicapra rupicapra	Artiodactyla	Bovidae	3	2	1	0	1	0	0	0	1	0	0
Saiga borealis	Saiga borealis	Artiodactyla	Bovidae	3	2	1	0	1	0	0	0	1	0	0
Saiga tatarica	Saiga tatarica	Artiodactyla	Bovidae	3	2	1	0	1	0	0	0	1	0	0
Sylvicapra grimmia	Sylvicapra grimmia	Artiodactyla	Bovidae	2	2	1	0	1	0	0	0	1	0	0
Syncerus caffer	Syncerus caffer	Artiodactyla	Bovidae	3	2	1	0	1	1	0	0	0	0	0
Taurotragus derbianus	Taurotragus derbianus	Artiodactyla	Bovidae	3	2	1	0	1	0	0	0	1	0	0
Taurotragus oryx	Taurotragus oryx	Artiodactyla	Bovidae	3	2	1	0	1	0	0	0	1	0	0
Tetracerus quadricornis	Tetracerus quadricornis	Artiodactyla	Bovidae	3	2	1	0	1	1	0	0	0	0	0
Tragelaphus angasii	Tragelaphus angasii	Artiodactyla	Bovidae	2	2	1	0	1	0	0	0	1	0	0
Tragelaphus buxtoni	Tragelaphus buxtoni	Artiodactyla	Bovidae	1	2	1	1	1	0	0	0	0	0	0
Tragelaphus eurycerus	Tragelaphus eurycerus	Artiodactyla	Bovidae	2	2	1	1	1	0	0	0	0	0	0
Tragelaphus imberbis	Tragelaphus imberbis	Artiodactyla	Bovidae	2	2	1	0	1	0	0	0	1	0	0
Tragelaphus scriptus	Tragelaphus scriptus	Artiodactyla	Bovidae	2	2	1	1	1	0	0	0	0	0	0
Tragelaphus spekii	Tragelaphus spekii	Artiodactyla	Bovidae	2	2	1	0	1	0	0	0	1	0	0
Tragelaphus strepsiceros	Tragelaphus strepsiceros	Artiodactyla	Bovidae	2	2	1	1	1	0	0	0	0	0	0
Camelus bactrianus	Camelus bactrianus	Artiodactyla	Camelidae	3	2	1	0	1	0	0	0	1	0	0
Camelus dromedarius	Camelus dromedarius	Artiodactyla	Camelidae	3	2	1	0	1	0	0	0	1	0	0
Lama glama	Lama glama	Artiodactyla	Camelidae	3	2	1	0	1	0	0	0	1	0	0
Lama glama guanicoe	Lama guanicoe	Artiodactyla	Camelidae	3	2	1	0	1	0	0	0	1	0	0
Lama glama glama	Lama pacos	Artiodactyla	Camelidae	3	2	1	0	1	0	0	0	1	0	0
Vicugna vicugna	Vicugna vicugna	Artiodactyla	Camelidae	3	2	1	0	1	0	0	0	1	0	0
Alces alces	Alces alces	Artiodactyla	Cervidae	1	2	1	1	1	0	0	0	0	0	0
Alces americanus	Alces americanus	Artiodactyla	Cervidae	1	2	1	1	1	0	0	0	0	0	0
Axis axis	Axis axis	Artiodactyla	Cervidae	2	2	1	0	1	1	0	0	0	0	0
Axis calamianensis	Axis calamianensis	Artiodactyla	Cervidae	2	2	1	0	1	1	0	0	0	0	0
Axis kuhlii	Axis kuhlii	Artiodactyla	Cervidae	2	2	1	0	1	1	0	0	0	0	0
Axis porcinus	Axis porcinus	Artiodactyla	Cervidae	2	2	1	0	1	1	0	0	0	0	0
Blastocerus dichotomus	Blastocerus dichotomus	Artiodactyla	Cervidae	1	2	1	1	1	0	0	0	0	0	0
Capreolus capreolus	Capreolus capreolus	Artiodactyla	Cervidae	1	2	1	1	1	0	0	0	0	0	0
Capreolus pygargus	Capreolus pygargus	Artiodactyla	Cervidae	1	2	1	1	1	0	0	0	0	0	0
Cervus duvaucelii	Cervus duvaucelii	Artiodactyla	Cervidae	2	2	1	0	1	1	0	0	0	0	0
Cervus elaphus	Cervus elaphus	Artiodactyla	Cervidae	2	2	1	1	1	0	0	0	0	0	0
Cervus nippon	Cervus nippon	Artiodactyla	Cervidae	2	2	1	0	1	1	0	0	0	0	0
Dama dama	Dama dama	Artiodactyla	Cervidae	1	2	1	1	1	0	0	0	0	0	0
Dama mesopotamica	Dama mesopotamica	Artiodactyla	Cervidae	1	2	1	1	1	0	0	0	0	0	0
Elaphodus cephalophus	Elaphodus cephalophus	Artiodactyla	Cervidae	1	2	1	1	1	0	0	0	0	0	0
Elaphurus davidianus	Elaphurus davidianus	Artiodactyla	Cervidae	1	2	1	0	1	1	0	0	0	0	0
Hippocamelus antisensis	Hippocamelus antisensis	Artiodactyla	Cervidae	1	2	1	1	1	0	0	0	0	0	0
Hippocamelus bisulcus	Hippocamelus bisulcus	Artiodactyla	Cervidae	1	2	1	1	1	0	0	0	0	0	0
Hydropotes inermis	Hydropotes inermis	Artiodactyla	Cervidae	1	2	1	1	1	0	0	0	0	0	0
Mazama americana	Mazama americana	Artiodactyla	Cervidae	1	2	1	1	1	0	0	0	0	0	0
Mazama bororo	Mazama bororo	Artiodactyla	Cervidae	1	2	1	1	1	0	0	0	0	0	0
Mazama bricenii	Mazama bricenii	Artiodactyla	Cervidae	1	2	1	1	1	0	0	0	0	0	0
Mazama chunyi	Mazama chunyi	Artiodactyla	Cervidae	1	2	1	1	1	0	0	0	0	0	0
Mazama gouazoubira	Mazama gouazoubira	Artiodactyla	Cervidae	1	2	1	1	1	0	0	0	0	0	0
Mazama nana	Mazama nana	Artiodactyla	Cervidae	1	2	1	1	1	0	0	0	0	0	0
Mazama pandora	Mazama pandora	Artiodactyla	Cervidae	1	2	1	1	1	0	0	0	0	0	0
Mazama rufina	Mazama rufina	Artiodactyla	Cervidae	1	2	1	1	1	0	0	0	0	0	0
Mazama temama	Mazama temama	Artiodactyla	Cervidae	1	2	1	1	1	0	0	0	0	0	0
Muntiacus atherodes	Muntiacus atherodes	Artiodactyla	Cervidae	1	2	1	1	1	0	0	0	0	0	0
Muntiacus crinifrons	Muntiacus crinifrons	Artiodactyla	Cervidae	1	2	1	0	1	0	0	0	1	0	0
Muntiacus feae	Muntiacus feae	Artiodactyla	Cervidae	1	2	1	1	1	0	0	0	0	0	0
Muntiacus gongshanensis	Muntiacus gongshanensis	Artiodactyla	Cervidae	1	2	1	1	1	0	0	0	0	0	0
Muntiacus muntjak	Muntiacus muntjak	Artiodactyla	Cervidae	1	2	1	1	1	0	0	0	0	0	0
Muntiacus puhoatensis	Muntiacus puhoatensis	Artiodactyla	Cervidae	1	2	1	1	1	0	0	0	0	0	0
Muntiacus putaoensis	Muntiacus putaoensis	Artiodactyla	Cervidae	1	2	1	1	1	0	0	0	0	0	0
Muntiacus reevesi	Muntiacus reevesi	Artiodactyla	Cervidae	1	2	1	1	1	0	0	0	0	0	0
Muntiacus rooseveltorum	Muntiacus rooseveltorum	Artiodactyla	Cervidae	1	2	1	1	1	0	0	0	0	0	0
Muntiacus truongsonensis	Muntiacus truongsonensis	Artiodactyla	Cervidae	1	2	1	1	1	0	0	0	0	0	0
Muntiacus vuquangensis	Muntiacus vuquangensis	Artiodactyla	Cervidae	1	2	1	1	1	0	0	0	0	0	0
Odocoileus hemionus	Odocoileus hemionus	Artiodactyla	Cervidae	1	2	1	1	1	0	0	0	0	0	0
Odocoileus virginianus	Odocoileus virginianus	Artiodactyla	Cervidae	1	2	1	1	1	0	0	0	0	0	0
Ozotoceros bezoarticus	Ozotoceros bezoarticus	Artiodactyla	Cervidae	1	2	1	1	1	0	0	0	0	0	0
Przewalskium albirostris	Przewalskium albirostris	Artiodactyla	Cervidae	2	2	1	0	1	1	0	0	0	0	0
Pudu mephistophiles	Pudu mephistophiles	Artiodactyla	Cervidae	1	2	1	1	1	0	0	0	0	0	0
Pudu puda	Pudu puda	Artiodactyla	Cervidae	1	2	1	1	1	0	0	0	0	0	0
Rangifer tarandus	Rangifer tarandus	Artiodactyla	Cervidae	1	2	1	0	1	0	0	0	1	0	0
Rucervus duvaucelii	Rucervus duvaucelii	Artiodactyla	Cervidae	2	2	1	0	1	1	0	0	0	0	0
Rucervus eldii	Rucervus eldii	Artiodactyla	Cervidae	2	2	1	0	1	1	0	0	0	0	0
Rucervus schomburgki	Rucervus schomburgki	Artiodactyla	Cervidae	2	2	1	0	1	1	0	0	0	0	0
Rusa alfredi	Rusa alfredi	Artiodactyla	Cervidae	2	2	1	0	1	1	0	0	0	0	0
Rusa marianna	Rusa marianna	Artiodactyla	Cervidae	2	2	1	0	1	1	0	0	0	0	0
Rusa timorensis	Rusa timorensis	Artiodactyla	Cervidae	1	2	1	0	1	1	0	0	0	0	0
Rusa unicolor	Rusa unicolor	Artiodactyla	Cervidae	2	2	1	0	1	1	0	0	0	0	0
Giraffa camelopardalis	Giraffa camelopardalis	Artiodactyla	Giraffidae	1	2	1	1	1	0	0	0	0	0	0
Okapia johnstoni	Okapia johnstoni	Artiodactyla	Giraffidae	1	2	1	1	1	0	0	0	0	0	0
Hexaprotodon liberiensis	Hexaprotodon liberiensis	Artiodactyla	Hippopotamidae	1	0	1	0	1	1	0	0	0	1	0
Hippopotamus amphibius	Hippopotamus amphibius	Artiodactyla	Hippopotamidae	2	0	1	0	1	1	0	0	0	1	0
Moschus anhuiensis	Moschus anhuiensis	Artiodactyla	Moschidae	1	2	1	1	1	0	0	0	0	0	0
Moschus berezovskii	Moschus berezovskii	Artiodactyla	Moschidae	1	2	1	1	1	0	0	0	0	0	0
Moschus chrysogaster	Moschus chrysogaster	Artiodactyla	Moschidae	1	2	1	1	1	0	0	0	0	0	0
Moschus cupreus	Moschus cupreus	Artiodactyla	Moschidae	1	2	1	1	1	0	0	0	0	0	0
Moschus fuscus	Moschus fuscus	Artiodactyla	Moschidae	1	2	1	1	1	0	0	0	0	0	0
Moschus leucogaster	Moschus leucogaster	Artiodactyla	Moschidae	1	2	1	1	1	0	0	0	0	0	0
Moschus moschiferus	Moschus moschiferus	Artiodactyla	Moschidae	1	2	1	1	1	0	0	0	0	0	0
Babyrousa babyrussa	Babyrousa babyrussa	Artiodactyla	Suidae	1	0	1	0	0	0	0	0	0	0	0
Babyrousa bolabatuensis	Babyrousa bolabatuensis	Artiodactyla	Suidae	1	0	1	0	0	0	0	0	0	0	0
Babyrousa celebensis	Babyrousa celebensis	Artiodactyla	Suidae	1	0	1	0	0	0	0	0	0	0	0
Babyrousa togeanensis	Babyrousa togeanensis	Artiodactyla	Suidae	1	0	1	0	0	0	0	0	0	0	0
Hylochoerus meinertzhageni	Hylochoerus meinertzhageni	Artiodactyla	Suidae	2	0	2	0	1	1	0	1	0	0	0
Phacochoerus aethiopicus	Phacochoerus aethiopicus	Artiodactyla	Suidae	3	0	3	0	0	0	1	1	0	0	0
Phacochoerus africanus	Phacochoerus africanus	Artiodactyla	Suidae	3	0	3	0	0	0	1	1	0	0	0
Potamochoerus larvatus	Potamochoerus larvatus	Artiodactyla	Suidae	1	0	1	0	1	0	0	0	1	1	0
Potamochoerus porcus	Potamochoerus porcus	Artiodactyla	Suidae	1	0	1	0	1	0	0	0	1	1	0
Sus ahoenobarbus	Sus ahoenobarbus	Artiodactyla	Suidae	1	0	1	0	0	0	0	0	0	1	0
Sus barbatus	Sus barbatus	Artiodactyla	Suidae	1	0	1	0	0	0	0	0	0	1	0
Sus bucculentus	Sus bucculentus	Artiodactyla	Suidae	1	0	1	0	0	0	0	0	0	1	0
Sus cebifrons	Sus cebifrons	Artiodactyla	Suidae	1	0	1	0	0	0	0	0	0	1	0
Sus celebensis	Sus celebensis	Artiodactyla	Suidae	1	0	1	0	0	0	0	0	0	1	0
Sus oliveri	Sus oliveri	Artiodactyla	Suidae	1	0	1	0	0	0	0	0	0	1	0
Sus philippensis	Sus philippensis	Artiodactyla	Suidae	1	0	1	0	0	0	0	0	0	1	0
Sus salvanius	Sus salvanius	Artiodactyla	Suidae	1	0	1	0	0	0	0	0	0	1	0
Sus scrofa	Sus scrofa	Artiodactyla	Suidae	1	0	1	0	0	0	0	0	0	1	0
Sus verrucosus	Sus verrucosus	Artiodactyla	Suidae	1	0	1	0	0	0	0	0	0	1	0
Catagonus wagneri	Catagonus wagneri	Artiodactyla	Tayassuidae	1	0	1	0	1	0	0	0	1	0	0
Pecari tajacu	Pecari tajacu	Artiodactyla	Tayassuidae	1	0	1	0	1	0	0	0	1	0	0
Tayassu pecari	Tayassu pecari	Artiodactyla	Tayassuidae	1	0	1	0	1	0	0	0	1	0	0
Hyemoschus aquaticus	Hyemoschus aquaticus	Artiodactyla	Tragulidae	1	2	1	1	1	0	0	0	0	0	0
Moschiola meminna	Moschiola meminna	Artiodactyla	Tragulidae	1	2	1	1	1	0	0	0	0	0	0
Tragulus javanicus	Tragulus javanicus	Artiodactyla	Tragulidae	1	2	1	1	1	0	0	0	0	0	0
Tragulus kanchil	Tragulus kanchil	Artiodactyla	Tragulidae	1	2	1	1	1	0	0	0	0	0	0
Tragulus napu	Tragulus napu	Artiodactyla	Tragulidae	1	2	1	1	1	0	0	0	0	0	0
Tragulus nigricans	Tragulus nigricans	Artiodactyla	Tragulidae	1	2	1	1	1	0	0	0	0	0	0
Tragulus versicolor	Tragulus versicolor	Artiodactyla	Tragulidae	1	2	1	1	1	0	0	0	0	0	0
Tragulus williamsoni	Tragulus williamsoni	Artiodactyla	Tragulidae	1	2	1	1	1	0	0	0	0	0	0
Equus asinus	Equus asinus	Perissodactyla	Equidae	3	2	1	0	1	0	1	1	0	0	0
Equus burchellii	Equus burchellii	Perissodactyla	Equidae	3	2	1	0	1	0	1	1	0	0	0
Equus caballus	Equus caballus	Perissodactyla	Equidae	3	2	1	0	1	0	1	1	0	0	0
Equus grevyi	Equus grevyi	Perissodactyla	Equidae	3	2	1	0	1	0	1	1	0	0	0
Equus hemionus	Equus hemionus	Perissodactyla	Equidae	3	2	1	0	1	0	1	1	0	0	0
Equus kiang	Equus kiang	Perissodactyla	Equidae	3	2	1	0	1	0	1	1	0	0	0
Equus onager	Equus onager	Perissodactyla	Equidae	3	2	1	0	1	0	1	1	0	0	0
Equus quagga	Equus quagga	Perissodactyla	Equidae	3	2	1	0	1	0	1	1	0	0	0
Equus zebra	Equus zebra	Perissodactyla	Equidae	3	2	1	0	1	0	1	1	0	0	0
Diceros bicornis	Diceros bicornis	Perissodactyla	Rhinocerotidae	2	1	1	1	1	0	0	0	0	0	2
Ceratotherium simum	Ceratotherium simum	Perissodactyla	Rhinocerotidae	3	2	1	0	1	0	1	1	0	0	0
Dicerorhinus sumatrensis	Dicerorhinus sumatrensis	Perissodactyla	Rhinocerotidae	1	1	1	1	1	0	0	0	0	0	2
Rhinoceros sondaicus	Rhinoceros sondaicus	Perissodactyla	Rhinocerotidae	1	1	1	1	1	0	0	0	0	0	2
Rhinoceros unicornis	Rhinoceros unicornis	Perissodactyla	Rhinocerotidae	1	2	1	1	1	0	0	0	0	0	2
Tapirus bairdii	Tapirus bairdii	Perissodactyla	Tapiridae	1	0	1	1	0	0	0	0	0	0	2
Tapirus indicus	Tapirus indicus	Perissodactyla	Tapiridae	1	0	1	1	0	0	0	0	0	0	2
Tapirus pinchaque	Tapirus pinchaque	Perissodactyla	Tapiridae	1	0	1	1	0	0	0	0	0	0	2
Tapirus terrestris	Tapirus terrestris	Perissodactyla	Tapiridae	1	0	1	1	0	0	0	0	0	0	2
Aotus nigriceps	Aotus nigriceps	Primates	Cebidae	1	0	1	0	0	0	0	0	0	0	0
Ateles geoffroyi	Ateles geoffroyi	Primates	Cebidae	1	0	1	0	0	0	0	0	0	0	0
Lagothrix poeppigii	Lagothrix poeppigii	Primates	Cebidae	1	0	1	0	0	0	0	0	0	0	0
Oreonax flavicauda	Oreonax flavicauda	Primates	Cebidae	1	0	1	0	0	0	0	0	0	0	0
Callimico goeldii	Callimico goeldii	Primates	Callitrichidae	1	0	1	0	0	0	0	0	0	0	0
Callithrix acariensis	Callithrix acariensis	Primates	Callitrichidae	1	0	1	0	0	0	0	0	0	0	0
Callithrix argentata	Callithrix argentata	Primates	Callitrichidae	1	0	1	0	0	0	0	0	0	0	0
Callithrix aurita	Callithrix aurita	Primates	Callitrichidae	1	0	1	0	0	0	0	0	0	0	0
Callithrix chrysoleuca	Callithrix chrysoleuca	Primates	Callitrichidae	1	0	1	0	0	0	0	0	0	0	0
Callithrix emiliae	Callithrix emiliae	Primates	Callitrichidae	1	0	1	0	0	0	0	0	0	0	0
Callithrix flaviceps	Callithrix flaviceps	Primates	Callitrichidae	1	0	1	0	0	0	0	0	0	0	0
Callithrix geoffroyi	Callithrix geoffroyi	Primates	Callitrichidae	1	0	1	0	0	0	0	0	0	0	0
Callithrix humeralifera	Callithrix humeralifera	Primates	Callitrichidae	1	0	1	0	0	0	0	0	0	0	0
Callithrix humilis	Callithrix humilis	Primates	Callitrichidae	1	0	1	0	0	0	0	0	0	0	0
Callithrix intermedia	Callithrix intermedia	Primates	Callitrichidae	1	0	1	0	0	0	0	0	0	0	0
Callithrix jacchus	Callithrix jacchus	Primates	Callitrichidae	1	0	1	0	0	0	0	0	0	0	0
Callithrix kuhlii	Callithrix kuhlii	Primates	Callitrichidae	1	0	1	0	0	0	0	0	0	0	0
Callithrix leucippe	Callithrix leucippe	Primates	Callitrichidae	1	0	1	0	0	0	0	0	0	0	0
Callithrix manicorensis	Callithrix manicorensis	Primates	Callitrichidae	1	0	1	0	0	0	0	0	0	0	0
Callithrix marcai	Callithrix marcai	Primates	Callitrichidae	1	0	1	0	0	0	0	0	0	0	0
Callithrix mauesi	Callithrix mauesi	Primates	Callitrichidae	1	0	1	0	0	0	0	0	0	0	0
Callithrix melanura	Callithrix melanura	Primates	Callitrichidae	1	0	1	0	0	0	0	0	0	0	0
Callithrix nigriceps	Callithrix nigriceps	Primates	Callitrichidae	1	0	1	0	0	0	0	0	0	0	0
Callithrix penicillata	Callithrix penicillata	Primates	Callitrichidae	1	0	1	0	0	0	0	0	0	0	0
Callithrix pygmaea	Callithrix pygmaea	Primates	Callitrichidae	1	0	1	0	0	0	0	0	0	0	0
Callithrix saterei	Callithrix saterei	Primates	Callitrichidae	1	0	1	0	0	0	0	0	0	0	0
Leontopithecus caissara	Leontopithecus caissara	Primates	Callitrichidae	1	0	1	0	0	0	0	0	0	0	0
Leontopithecus chrysomelas	Leontopithecus chrysomelas	Primates	Callitrichidae	1	0	1	0	0	0	0	0	0	0	0
Leontopithecus chrysopygus	Leontopithecus chrysopygus	Primates	Callitrichidae	1	0	1	0	0	0	0	0	0	0	0
Leontopithecus rosalia	Leontopithecus rosalia	Primates	Callitrichidae	1	0	1	0	0	0	0	0	0	0	0
Saguinus bicolor	Saguinus bicolor	Primates	Callitrichidae	1	0	1	0	0	0	0	0	0	0	0
Saguinus fuscicollis	Saguinus fuscicollis	Primates	Callitrichidae	1	0	1	0	0	0	0	0	0	0	0
Saguinus graellsi	Saguinus graellsi	Primates	Callitrichidae	1	0	1	0	0	0	0	0	0	0	0
Saguinus imperator	Saguinus imperator	Primates	Callitrichidae	1	0	1	0	0	0	0	0	0	0	0
Saguinus inustus	Saguinus inustus	Primates	Callitrichidae	1	0	1	0	0	0	0	0	0	0	0
Saguinus labiatus	Saguinus labiatus	Primates	Callitrichidae	1	0	1	0	0	0	0	0	0	0	0
Saguinus martinsi	Saguinus martinsi	Primates	Callitrichidae	1	0	1	0	0	0	0	0	0	0	0
Saguinus melanoleucus	Saguinus melanoleucus	Primates	Callitrichidae	1	0	1	0	0	0	0	0	0	0	0
Saguinus midas	Saguinus midas	Primates	Callitrichidae	1	0	1	0	0	0	0	0	0	0	0
Saguinus mystax	Saguinus mystax	Primates	Callitrichidae	1	0	1	0	0	0	0	0	0	0	0
Saguinus niger	Saguinus niger	Primates	Callitrichidae	1	0	1	0	0	0	0	0	0	0	0
Saguinus nigricollis	Saguinus nigricollis	Primates	Callitrichidae	1	0	1	0	0	0	0	0	0	0	0
Saguinus oedipus	Saguinus oedipus	Primates	Callitrichidae	1	0	1	0	0	0	0	0	0	0	0
Saguinus pileatus	Saguinus pileatus	Primates	Callitrichidae	1	0	1	0	0	0	0	0	0	0	0
Saguinus tripartitus	Saguinus tripartitus	Primates	Callitrichidae	1	0	1	0	0	0	0	0	0	0	0
Alouatta belzebul	Alouatta belzebul	Primates	Cebidae	1	1	1	0	0	0	0	0	0	0	0
Alouatta caraya	Alouatta caraya	Primates	Cebidae	1	1	1	0	0	0	0	0	0	0	0
Alouatta coibensis	Alouatta coibensis	Primates	Cebidae	1	1	1	0	0	0	0	0	0	0	0
Alouatta guariba guariba	Alouatta fusca	Primates	Cebidae	1	1	1	0	0	0	0	0	0	0	0
Alouatta guariba	Alouatta guariba	Primates	Cebidae	1	1	1	0	0	0	0	0	0	0	0
Alouatta macconnelli	Alouatta macconnelli	Primates	Cebidae	1	1	1	0	0	0	0	0	0	0	0
Alouatta nigerrima	Alouatta nigerrima	Primates	Cebidae	1	1	1	0	0	0	0	0	0	0	0
Alouatta palliata	Alouatta palliata	Primates	Cebidae	1	1	1	0	0	0	0	0	0	0	0
Alouatta pigra	Alouatta pigra	Primates	Cebidae	1	1	1	0	0	0	0	0	0	0	0
Alouatta sara	Alouatta sara	Primates	Cebidae	1	1	1	0	0	0	0	0	0	0	0
Alouatta seniculus	Alouatta seniculus	Primates	Cebidae	1	1	1	0	0	0	0	0	0	0	0
Aotus azarae	Aotus azarae	Primates	Cebidae	1	0	1	0	0	0	0	0	0	0	0
Aotus hershkovitzi	Aotus hershkovitzi	Primates	Cebidae	1	0	1	0	0	0	0	0	0	0	0
Aotus infulatus	Aotus infulatus	Primates	Cebidae	1	0	1	0	0	0	0	0	0	0	0
Aotus lemurinus	Aotus lemurinus	Primates	Cebidae	1	0	1	0	0	0	0	0	0	0	0
Aotus miconax	Aotus miconax	Primates	Cebidae	1	0	1	0	0	0	0	0	0	0	0
Aotus nancymaae	Aotus nancymaae	Primates	Cebidae	1	0	1	0	0	0	0	0	0	0	0
Aotus trivirgatus	Aotus trivirgatus	Primates	Cebidae	1	0	1	0	0	0	0	0	0	0	0
Aotus vociferans	Aotus vociferans	Primates	Cebidae	1	0	1	0	0	0	0	0	0	0	0
Ateles belzebuth	Ateles belzebuth	Primates	Cebidae	1	0	1	0	0	0	0	0	0	0	0
Ateles chamek	Ateles chamek	Primates	Cebidae	1	0	1	0	0	0	0	0	0	0	0
Ateles fusciceps	Ateles fusciceps	Primates	Cebidae	1	0	1	0	0	0	0	0	0	0	0
Ateles hybridus	Ateles hybridus	Primates	Cebidae	1	0	1	0	0	0	0	0	0	0	0
Ateles marginatus	Ateles marginatus	Primates	Cebidae	1	0	1	0	0	0	0	0	0	0	0
Ateles paniscus	Ateles paniscus	Primates	Cebidae	1	0	1	0	0	0	0	0	0	0	0
Brachyteles arachnoides	Brachyteles arachnoides	Primates	Cebidae	1	0	1	0	0	0	0	0	0	0	0
Brachyteles hypoxanthus	Brachyteles hypoxanthus	Primates	Cebidae	1	0	1	0	0	0	0	0	0	0	0
Cacajao calvus	Cacajao calvus	Primates	Cebidae	1	0	1	0	0	0	0	0	0	0	0
Cacajao melanocephalus	Cacajao melanocephalus	Primates	Cebidae	1	0	1	0	0	0	0	0	0	0	0
Callicebus baptista	Callicebus baptista	Primates	Cebidae	1	0	1	0	0	0	0	0	0	0	0
Callicebus barbarabrownae	Callicebus barbarabrownae	Primates	Cebidae	1	0	1	0	0	0	0	0	0	0	0
Callicebus brunneus	Callicebus brunneus	Primates	Cebidae	1	0	1	0	0	0	0	0	0	0	0
Callicebus cinerascens	Callicebus cinerascens	Primates	Cebidae	1	0	1	0	0	0	0	0	0	0	0
Callicebus coimbrai	Callicebus coimbrai	Primates	Cebidae	1	0	1	0	0	0	0	0	0	0	0
Callicebus cupreus	Callicebus cupreus	Primates	Cebidae	1	0	1	0	0	0	0	0	0	0	0
Callicebus donacophilus	Callicebus donacophilus	Primates	Cebidae	1	0	1	0	0	0	0	0	0	0	0
Callicebus hoffmannsi	Callicebus hoffmannsi	Primates	Cebidae	1	0	1	0	0	0	0	0	0	0	0
Callicebus medemi	Callicebus medemi	Primates	Cebidae	1	0	1	0	0	0	0	0	0	0	0
Callicebus melanochir	Callicebus melanochir	Primates	Cebidae	1	0	1	0	0	0	0	0	0	0	0
Callicebus modestus	Callicebus modestus	Primates	Cebidae	1	0	1	0	0	0	0	0	0	0	0
Callicebus moloch	Callicebus moloch	Primates	Cebidae	1	0	1	0	0	0	0	0	0	0	0
Callicebus nigrifrons	Callicebus nigrifrons	Primates	Cebidae	1	0	1	0	0	0	0	0	0	0	0
Callicebus oenanthe	Callicebus oenanthe	Primates	Cebidae	1	0	1	0	0	0	0	0	0	0	0
Callicebus olallae	Callicebus olallae	Primates	Cebidae	1	0	1	0	0	0	0	0	0	0	0
Callicebus ornatus	Callicebus ornatus	Primates	Cebidae	1	0	1	0	0	0	0	0	0	0	0
Callicebus personatus	Callicebus personatus	Primates	Cebidae	1	0	1	0	0	0	0	0	0	0	0
Callicebus torquatus	Callicebus torquatus	Primates	Cebidae	1	0	1	0	0	0	0	0	0	0	0
Cebus albifrons	Cebus albifrons	Primates	Cebidae	1	0	1	0	0	0	0	0	0	0	0
Cebus apella	Cebus apella	Primates	Cebidae	1	0	1	0	0	0	0	0	0	0	0
Cebus capucinus	Cebus capucinus	Primates	Cebidae	1	0	1	0	0	0	0	0	0	0	0
Cebus kaapori	Cebus kaapori	Primates	Cebidae	1	0	1	0	0	0	0	0	0	0	0
Cebus libidinosus	Cebus libidinosus	Primates	Cebidae	1	0	1	0	0	0	0	0	0	0	0
Cebus nigritus	Cebus nigritus	Primates	Cebidae	1	0	1	0	0	0	0	0	0	0	0
Cebus olivaceus	Cebus olivaceus	Primates	Cebidae	1	0	1	0	0	0	0	0	0	0	0
Cebus xanthosternos	Cebus xanthosternos	Primates	Cebidae	1	0	1	0	0	0	0	0	0	0	0
Chiropotes albinasus	Chiropotes albinasus	Primates	Cebidae	1	0	1	0	0	0	0	0	0	0	0
Chiropotes satanas	Chiropotes satanas	Primates	Cebidae	1	0	1	0	0	0	0	0	0	0	0
Lagothrix cana	Lagothrix cana	Primates	Cebidae	1	0	1	0	0	0	0	0	0	0	0
Lagothrix lagotricha	Lagothrix lagotricha	Primates	Cebidae	1	0	1	0	0	0	0	0	0	0	0
Lagothrix lugens	Lagothrix lugens	Primates	Cebidae	1	0	1	0	0	0	0	0	0	0	0
Pithecia aequatorialis	Pithecia aequatorialis	Primates	Cebidae	1	0	1	0	0	0	0	0	0	0	0
Pithecia albicans	Pithecia albicans	Primates	Cebidae	1	0	1	0	0	0	0	0	0	0	0
Pithecia irrorata	Pithecia irrorata	Primates	Cebidae	1	0	1	0	0	0	0	0	0	0	0
Pithecia monachus	Pithecia monachus	Primates	Cebidae	1	0	1	0	0	0	0	0	0	0	0
Pithecia pithecia	Pithecia pithecia	Primates	Cebidae	1	0	1	0	0	0	0	0	0	0	0
Saguinus geoffroyi	Saguinus geoffroyi	Primates	Cebidae	1	0	1	0	0	0	0	0	0	0	0
Saguinus leucopus	Saguinus leucopus	Primates	Cebidae	1	0	1	0	0	0	0	0	0	0	0
Saimiri boliviensis	Saimiri boliviensis	Primates	Cebidae	1	0	1	0	0	0	0	0	0	0	0
Saimiri oerstedii	Saimiri oerstedii	Primates	Cebidae	1	0	1	0	0	0	0	0	0	0	0
Saimiri sciureus	Saimiri sciureus	Primates	Cebidae	1	0	1	0	0	0	0	0	0	0	0
Saimiri ustus	Saimiri ustus	Primates	Cebidae	1	0	1	0	0	0	0	0	0	0	0
Saimiri vanzolinii	Saimiri vanzolinii	Primates	Cebidae	1	0	1	0	0	0	0	0	0	0	0
Allenopithecus nigroviridis	Allenopithecus nigroviridis	Primates	Cercopithecidae	1	0	1	0	0	0	0	0	0	0	0
Cercocebus agilis	Cercocebus agilis	Primates	Cercopithecidae	1	0	1	0	0	0	0	0	0	0	0
Cercocebus atys	Cercocebus atys	Primates	Cercopithecidae	1	0	1	0	0	0	0	0	0	0	0
Cercocebus chrysogaster	Cercocebus chrysogaster	Primates	Cercopithecidae	1	0	1	0	0	0	0	0	0	0	0
Cercocebus galeritus	Cercocebus galeritus	Primates	Cercopithecidae	1	0	1	0	0	0	0	0	0	0	0
Cercocebus sanjei	Cercocebus sanjei	Primates	Cercopithecidae	1	0	1	0	0	0	0	0	0	0	0
Cercocebus torquatus	Cercocebus torquatus	Primates	Cercopithecidae	1	0	1	0	0	0	0	0	0	0	0
Cercopithecus albogularis	Cercopithecus albogularis	Primates	Cercopithecidae	1	0	1	0	0	0	0	0	0	0	0
Cercopithecus ascanius	Cercopithecus ascanius	Primates	Cercopithecidae	1	0	1	0	0	0	0	0	0	0	0
Cercopithecus campbelli	Cercopithecus campbelli	Primates	Cercopithecidae	1	0	1	0	0	0	0	0	0	0	0
Cercopithecus cephus	Cercopithecus cephus	Primates	Cercopithecidae	1	0	1	0	0	0	0	0	0	0	0
Cercopithecus denti	Cercopithecus denti	Primates	Cercopithecidae	1	0	1	0	0	0	0	0	0	0	0
Cercopithecus diana	Cercopithecus diana	Primates	Cercopithecidae	1	0	1	0	0	0	0	0	0	0	0
Cercopithecus doggetti	Cercopithecus doggetti	Primates	Cercopithecidae	1	0	1	1	0	0	0	0	0	0	0
Cercopithecus dryas	Cercopithecus dryas	Primates	Cercopithecidae	1	0	1	0	0	0	0	0	0	0	0
Cercopithecus erythrogaster	Cercopithecus erythrogaster	Primates	Cercopithecidae	1	0	1	0	0	0	0	0	0	0	0
Cercopithecus erythrotis	Cercopithecus erythrotis	Primates	Cercopithecidae	1	0	1	0	0	0	0	0	0	0	0
Cercopithecus hamlyni	Cercopithecus hamlyni	Primates	Cercopithecidae	1	0	1	0	0	0	0	0	0	0	0
Cercopithecus kandti	Cercopithecus kandti	Primates	Cercopithecidae	1	0	1	1	0	0	0	0	0	0	0
Cercopithecus lhoesti	Cercopithecus lhoesti	Primates	Cercopithecidae	1	0	1	0	0	0	0	0	0	0	0
Cercopithecus lowei	Cercopithecus lowei	Primates	Cercopithecidae	1	0	1	1	0	0	0	0	0	0	0
Cercopithecus mitis	Cercopithecus mitis	Primates	Cercopithecidae	1	0	1	0	0	0	0	0	0	0	0
Cercopithecus mona	Cercopithecus mona	Primates	Cercopithecidae	1	0	1	1	1	0	0	0	0	0	0
Cercopithecus neglectus	Cercopithecus neglectus	Primates	Cercopithecidae	1	0	1	0	0	0	0	0	0	0	0
Cercopithecus nictitans	Cercopithecus nictitans	Primates	Cercopithecidae	1	0	1	0	0	0	0	0	0	0	0
Cercopithecus petaurista	Cercopithecus petaurista	Primates	Cercopithecidae	1	0	1	0	0	0	0	0	0	0	0
Cercopithecus pogonias	Cercopithecus pogonias	Primates	Cercopithecidae	1	0	1	0	0	0	0	0	0	0	0
Cercopithecus preussi	Cercopithecus preussi	Primates	Cercopithecidae	1	0	1	0	0	0	0	0	0	0	0
Cercopithecus roloway	Cercopithecus roloway	Primates	Cercopithecidae	1	0	1	1	0	0	0	0	0	0	0
Cercopithecus sclateri	Cercopithecus sclateri	Primates	Cercopithecidae	1	0	1	0	0	0	0	0	0	0	0
Cercopithecus solatus	Cercopithecus solatus	Primates	Cercopithecidae	1	0	1	0	0	0	0	0	0	0	0
Cercopithecus wolfi	Cercopithecus wolfi	Primates	Cercopithecidae	1	0	1	0	0	0	0	0	0	0	0
Chlorocebus aethiops	Chlorocebus aethiops	Primates	Cercopithecidae	1	0	1	0	0	0	0	0	0	0	0
Chlorocebus cynosuros	Chlorocebus cynosuros	Primates	Cercopithecidae	1	0	1	0	0	0	0	0	0	0	0
Chlorocebus djamdjamensis	Chlorocebus djamdjamensis	Primates	Cercopithecidae	1	0	1	1	0	0	0	0	0	0	0
Chlorocebus pygerythrus	Chlorocebus pygerythrus	Primates	Cercopithecidae	1	0	1	0	0	0	0	0	0	0	0
Chlorocebus sabaeus	Chlorocebus sabaeus	Primates	Cercopithecidae	1	0	1	0	0	0	0	0	0	0	0
Chlorocebus tantalus	Chlorocebus tantalus	Primates	Cercopithecidae	1	0	1	0	0	0	0	0	0	0	0
Colobus angolensis	Colobus angolensis	Primates	Cercopithecidae	1	0	1	1	0	0	0	0	0	0	0
Colobus guereza	Colobus guereza	Primates	Cercopithecidae	1	0	1	1	0	0	0	0	0	0	0
Colobus polykomos	Colobus polykomos	Primates	Cercopithecidae	1	0	1	1	0	0	0	0	0	0	0
Colobus satanas	Colobus satanas	Primates	Cercopithecidae	1	0	1	1	0	0	0	0	0	0	0
Colobus vellerosus	Colobus vellerosus	Primates	Cercopithecidae	1	0	1	1	0	0	0	0	0	0	0
Erythrocebus patas	Erythrocebus patas	Primates	Cercopithecidae	1	0	1	0	0	0	0	0	0	0	0
Lophocebus albigena	Lophocebus albigena	Primates	Cercopithecidae	1	0	1	0	0	0	0	0	0	0	0
Lophocebus aterrimus	Lophocebus aterrimus	Primates	Cercopithecidae	1	0	1	0	0	0	0	0	0	0	0
Lophocebus opdenboschi	Lophocebus opdenboschi	Primates	Cercopithecidae	1	0	1	0	0	0	0	0	0	0	0
Macaca arctoides	Macaca arctoides	Primates	Cercopithecidae	1	0	1	0	0	0	0	0	0	0	0
Macaca assamensis	Macaca assamensis	Primates	Cercopithecidae	1	0	1	0	0	0	0	0	0	0	0
Macaca cyclopis	Macaca cyclopis	Primates	Cercopithecidae	1	0	1	0	0	0	0	0	0	0	0
Macaca fascicularis	Macaca fascicularis	Primates	Cercopithecidae	1	0	1	0	0	0	0	0	0	0	0
Macaca fuscata	Macaca fuscata	Primates	Cercopithecidae	1	0	1	0	0	0	0	0	0	0	0
Macaca hecki	Macaca hecki	Primates	Cercopithecidae	1	0	1	0	0	0	0	0	0	0	0
Macaca leonina	Macaca leonina	Primates	Cercopithecidae	1	0	1	0	0	0	0	0	0	0	0
Macaca maura	Macaca maura	Primates	Cercopithecidae	1	0	1	0	0	0	0	0	0	0	0
Macaca mulatta	Macaca mulatta	Primates	Cercopithecidae	1	0	1	0	0	0	0	0	0	0	0
Macaca nemestrina	Macaca nemestrina	Primates	Cercopithecidae	1	0	1	0	0	0	0	0	0	0	0
Macaca nigra	Macaca nigra	Primates	Cercopithecidae	1	0	1	0	0	0	0	0	0	0	0
Macaca nigrescens	Macaca nigrescens	Primates	Cercopithecidae	1	0	1	0	0	0	0	0	0	0	0
Macaca ochreata	Macaca ochreata	Primates	Cercopithecidae	1	0	1	0	0	0	0	0	0	0	0
Macaca pagensis	Macaca pagensis	Primates	Cercopithecidae	1	0	1	0	0	0	0	0	0	0	0
Macaca radiata	Macaca radiata	Primates	Cercopithecidae	1	0	1	0	0	0	0	0	0	0	0
Macaca siberu	Macaca siberu	Primates	Cercopithecidae	1	0	1	0	0	0	0	0	0	0	0
Macaca silenus	Macaca silenus	Primates	Cercopithecidae	1	0	1	0	0	0	0	0	0	0	0
Macaca sinica	Macaca sinica	Primates	Cercopithecidae	1	0	1	0	0	0	0	0	0	0	0
Macaca sylvanus	Macaca sylvanus	Primates	Cercopithecidae	1	0	1	0	0	0	0	0	0	0	0
Macaca thibetana	Macaca thibetana	Primates	Cercopithecidae	1	0	1	0	0	0	0	0	0	0	0
Macaca tonkeana	Macaca tonkeana	Primates	Cercopithecidae	1	0	1	0	0	0	0	0	0	0	0
Mandrillus leucophaeus	Mandrillus leucophaeus	Primates	Cercopithecidae	1	0	1	0	0	0	0	0	0	0	0
Mandrillus sphinx	Mandrillus sphinx	Primates	Cercopithecidae	1	0	1	0	0	0	0	0	0	0	0
Miopithecus ogouensis	Miopithecus ogouensis	Primates	Cercopithecidae	1	0	1	0	0	0	0	0	0	0	0
Miopithecus talapoin	Miopithecus talapoin	Primates	Cercopithecidae	1	0	1	0	0	0	0	0	0	0	0
Nasalis larvatus	Nasalis larvatus	Primates	Cercopithecidae	1	0	1	1	0	0	0	0	0	0	0
Papio anubis	Papio anubis	Primates	Cercopithecidae	1	0	1	0	0	0	0	0	0	0	0
Papio cynocephalus	Papio cynocephalus	Primates	Cercopithecidae	1	0	1	0	0	0	0	0	0	0	0
Papio hamadryas	Papio hamadryas	Primates	Cercopithecidae	1	0	1	0	0	0	0	0	0	0	0
Papio papio	Papio papio	Primates	Cercopithecidae	1	0	1	0	0	0	0	0	0	0	0
Papio ursinus	Papio ursinus	Primates	Cercopithecidae	1	0	1	0	0	0	0	0	0	0	0
Piliocolobus badius	Piliocolobus badius	Primates	Cercopithecidae	1	0	1	1	0	0	0	0	0	0	0
Piliocolobus foai	Piliocolobus foai	Primates	Cercopithecidae	1	0	1	1	0	0	0	0	0	0	0
Piliocolobus gordonorum	Piliocolobus gordonorum	Primates	Cercopithecidae	1	0	1	1	0	0	0	0	0	0	0
Piliocolobus kirkii	Piliocolobus kirkii	Primates	Cercopithecidae	1	0	1	1	0	0	0	0	0	0	0
Piliocolobus pennantii	Piliocolobus pennantii	Primates	Cercopithecidae	1	0	1	1	0	0	0	0	0	0	0
Piliocolobus preussi	Piliocolobus preussi	Primates	Cercopithecidae	1	0	1	1	0	0	0	0	0	0	0
Piliocolobus rufomitratus	Piliocolobus rufomitratus	Primates	Cercopithecidae	1	0	1	1	0	0	0	0	0	0	0
Piliocolobus tephrosceles	Piliocolobus tephrosceles	Primates	Cercopithecidae	1	0	1	1	0	0	0	0	0	0	0
Piliocolobus tholloni	Piliocolobus tholloni	Primates	Cercopithecidae	1	0	1	1	0	0	0	0	0	0	0
Presbytis chrysomelas	Presbytis chrysomelas	Primates	Cercopithecidae	1	0	1	0	0	0	0	0	0	0	0
Presbytis comata	Presbytis comata	Primates	Cercopithecidae	1	0	1	0	0	0	0	0	0	0	0
Presbytis femoralis	Presbytis femoralis	Primates	Cercopithecidae	1	0	1	1	0	0	0	0	0	0	0
Presbytis frontata	Presbytis frontata	Primates	Cercopithecidae	1	0	1	1	0	0	0	0	0	0	0
Presbytis hosei	Presbytis hosei	Primates	Cercopithecidae	1	0	1	1	0	0	0	0	0	0	0
Presbytis melalophos	Presbytis melalophos	Primates	Cercopithecidae	1	0	1	1	0	0	0	0	0	0	0
Presbytis natunae	Presbytis natunae	Primates	Cercopithecidae	1	0	1	0	0	0	0	0	0	0	0
Presbytis potenziani	Presbytis potenziani	Primates	Cercopithecidae	1	0	1	1	0	0	0	0	0	0	0
Presbytis rubicunda	Presbytis rubicunda	Primates	Cercopithecidae	1	0	1	1	0	0	0	0	0	0	0
Presbytis siamensis	Presbytis siamensis	Primates	Cercopithecidae	1	0	1	0	0	0	0	0	0	0	0
Presbytis thomasi	Presbytis thomasi	Primates	Cercopithecidae	1	0	1	1	0	0	0	0	0	0	0
Procolobus verus	Procolobus verus	Primates	Cercopithecidae	1	0	1	1	0	0	0	0	0	0	0
Pygathrix cinerea	Pygathrix cinerea	Primates	Cercopithecidae	1	0	1	0	0	0	0	0	0	0	0
Pygathrix nemaeus	Pygathrix nemaeus	Primates	Cercopithecidae	1	0	1	0	0	0	0	0	0	0	0
Pygathrix nigripes	Pygathrix nigripes	Primates	Cercopithecidae	1	0	1	1	0	0	0	0	0	0	0
Pygathrix roxellana	Pygathrix roxellana	Primates	Cercopithecidae	1	0	1	0	0	0	0	0	0	0	0
Rhinopithecus avunculus	Rhinopithecus avunculus	Primates	Cercopithecidae	1	0	1	1	0	0	0	0	0	0	0
Rhinopithecus bieti	Rhinopithecus bieti	Primates	Cercopithecidae	1	0	1	1	0	0	0	0	0	0	0
Rhinopithecus brelichi	Rhinopithecus brelichi	Primates	Cercopithecidae	1	0	1	1	0	0	0	0	0	0	0
Rhinopithecus roxellana	Rhinopithecus roxellana	Primates	Cercopithecidae	1	0	1	1	0	0	0	0	0	0	0
Semnopithecus ajax	Semnopithecus ajax	Primates	Cercopithecidae	1	0	1	0	0	0	0	0	0	0	0
Semnopithecus dussumieri	Semnopithecus dussumieri	Primates	Cercopithecidae	1	0	1	0	0	0	0	0	0	0	0
Semnopithecus entellus	Semnopithecus entellus	Primates	Cercopithecidae	1	0	1	0	0	0	0	0	0	0	0
Semnopithecus hector	Semnopithecus hector	Primates	Cercopithecidae	1	0	1	0	0	0	0	0	0	0	0
Semnopithecus hypoleucos	Semnopithecus hypoleucos	Primates	Cercopithecidae	1	0	1	0	0	0	0	0	0	0	0
Semnopithecus priam	Semnopithecus priam	Primates	Cercopithecidae	1	0	1	0	0	0	0	0	0	0	0
Semnopithecus schistaceus	Semnopithecus schistaceus	Primates	Cercopithecidae	1	0	1	0	0	0	0	0	0	0	0
Simias concolor	Simias concolor	Primates	Cercopithecidae	1	0	1	1	0	0	0	0	0	0	0
Theropithecus gelada	Theropithecus gelada	Primates	Cercopithecidae	1	0	1	0	1	1	0	0	0	1	0
Trachypithecus auratus	Trachypithecus auratus	Primates	Cercopithecidae	1	0	1	1	0	0	0	0	0	0	0
Trachypithecus barbei	Trachypithecus barbei	Primates	Cercopithecidae	1	0	1	0	0	0	0	0	0	0	0
Trachypithecus cristatus	Trachypithecus cristatus	Primates	Cercopithecidae	1	0	1	1	0	0	0	0	0	0	0
Trachypithecus delacouri	Trachypithecus delacouri	Primates	Cercopithecidae	1	0	1	0	0	0	0	0	0	0	0
Trachypithecus ebenus	Trachypithecus ebenus	Primates	Cercopithecidae	1	0	1	0	0	0	0	0	0	0	0
Trachypithecus francoisi	Trachypithecus francoisi	Primates	Cercopithecidae	1	0	1	1	0	0	0	0	0	0	0
Trachypithecus geei	Trachypithecus geei	Primates	Cercopithecidae	1	0	1	1	0	0	0	0	0	0	0
Trachypithecus germaini	Trachypithecus germaini	Primates	Cercopithecidae	1	0	1	0	0	0	0	0	0	0	0
Trachypithecus hatinhensis	Trachypithecus hatinhensis	Primates	Cercopithecidae	1	0	1	0	0	0	0	0	0	0	0
Trachypithecus johnii	Trachypithecus johnii	Primates	Cercopithecidae	1	0	1	1	0	0	0	0	0	0	0
Trachypithecus laotum	Trachypithecus laotum	Primates	Cercopithecidae	1	0	1	0	0	0	0	0	0	0	0
Trachypithecus obscurus	Trachypithecus obscurus	Primates	Cercopithecidae	1	0	1	1	0	0	0	0	0	0	0
Trachypithecus phayrei	Trachypithecus phayrei	Primates	Cercopithecidae	1	0	1	1	0	0	0	0	0	0	0
Trachypithecus pileatus	Trachypithecus pileatus	Primates	Cercopithecidae	1	0	1	1	0	0	0	0	0	0	0
Trachypithecus poliocephalus	Trachypithecus poliocephalus	Primates	Cercopithecidae	1	0	1	0	0	0	0	0	0	0	0
Trachypithecus shortridgei	Trachypithecus shortridgei	Primates	Cercopithecidae	1	0	1	0	0	0	0	0	0	0	0
Trachypithecus vetulus	Trachypithecus vetulus	Primates	Cercopithecidae	1	0	1	1	0	0	0	0	0	0	0
Allocebus trichotis	Allocebus trichotis	Primates	Cheirogaleidae	1	0	1	0	0	0	0	0	0	0	0
Cheirogaleus adipicaudatus	Cheirogaleus adipicaudatus	Primates	Cheirogaleidae	1	0	1	0	0	0	0	0	0	0	0
Cheirogaleus crossleyi	Cheirogaleus crossleyi	Primates	Cheirogaleidae	1	0	1	0	0	0	0	0	0	0	0
Cheirogaleus major	Cheirogaleus major	Primates	Cheirogaleidae	1	0	1	0	0	0	0	0	0	0	0
Cheirogaleus medius	Cheirogaleus medius	Primates	Cheirogaleidae	1	0	1	0	0	0	0	0	0	0	0
Cheirogaleus minusculus	Cheirogaleus minusculus	Primates	Cheirogaleidae	1	0	1	0	0	0	0	0	0	0	0
Cheirogaleus ravus	Cheirogaleus ravus	Primates	Cheirogaleidae	1	0	1	0	0	0	0	0	0	0	0
Cheirogaleus sibreei	Cheirogaleus sibreei	Primates	Cheirogaleidae	1	0	1	0	0	0	0	0	0	0	0
Microcebus berthae	Microcebus berthae	Primates	Cheirogaleidae	1	0	1	0	0	0	0	0	0	0	0
Microcebus griseorufus	Microcebus griseorufus	Primates	Cheirogaleidae	1	0	1	0	0	0	0	0	0	0	0
Microcebus murinus	Microcebus murinus	Primates	Cheirogaleidae	1	0	1	0	0	0	0	0	0	0	0
Microcebus myoxinus	Microcebus myoxinus	Primates	Cheirogaleidae	1	0	1	0	0	0	0	0	0	0	0
Microcebus ravelobensis	Microcebus ravelobensis	Primates	Cheirogaleidae	1	0	1	0	0	0	0	0	0	0	0
Microcebus rufus	Microcebus rufus	Primates	Cheirogaleidae	1	0	1	0	0	0	0	0	0	0	0
Microcebus sambiranensis	Microcebus sambiranensis	Primates	Cheirogaleidae	1	0	1	0	0	0	0	0	0	0	0
Microcebus tavaratra	Microcebus tavaratra	Primates	Cheirogaleidae	1	0	1	0	0	0	0	0	0	0	0
Mirza coquereli	Mirza coquereli	Primates	Cheirogaleidae	1	0	1	0	0	0	0	0	0	0	0
Phaner electromontis	Phaner electromontis	Primates	Cheirogaleidae	1	0	1	0	0	0	0	0	0	0	0
Phaner furcifer	Phaner furcifer	Primates	Cheirogaleidae	1	0	1	0	0	0	0	0	0	0	0
Phaner pallescens	Phaner pallescens	Primates	Cheirogaleidae	1	0	1	0	0	0	0	0	0	0	0
Phaner parienti	Phaner parienti	Primates	Cheirogaleidae	1	0	1	0	0	0	0	0	0	0	0
Daubentonia madagascariensis	Daubentonia madagascariensis	Primates	Daubentoniidae	1	0	1	0	0	0	0	0	0	0	0
Galago gallarum	Galago gallarum	Primates	Galagidae	1	0	1	0	0	0	0	0	0	0	0
Galago senegalensis	Galago senegalensis	Primates	Galagidae	1	0	1	0	0	0	0	0	0	0	0
Galago zanzibaricus	Galago zanzibaricus	Primates	Galagidae	1	0	1	0	0	0	0	0	0	0	0
Otolemur crassicaudatus	Otolemur crassicaudatus	Primates	Galagidae	1	0	1	0	0	0	0	0	0	0	0
Otolemur garnettii	Otolemur garnettii	Primates	Galagidae	1	0	1	0	0	0	0	0	0	0	0
Euoticus elegantulus	Euoticus elegantulus	Primates	Galagidae	1	0	1	0	0	0	0	0	0	0	0
Euoticus pallidus	Euoticus pallidus	Primates	Galagidae	1	0	1	0	0	0	0	0	0	0	0
Galago alleni	Galago alleni	Primates	Galagidae	1	0	1	0	0	0	0	0	0	0	0
Galago cameronensis	Galago cameronensis	Primates	Galagidae	1	0	1	0	0	0	0	0	0	0	0
Galago demidoff	Galago demidoff	Primates	Galagidae	1	0	1	0	0	0	0	0	0	0	0
Galago gabonensis	Galago gabonensis	Primates	Galagidae	1	0	1	0	0	0	0	0	0	0	0
Galago granti	Galago granti	Primates	Galagidae	1	0	1	0	0	0	0	0	0	0	0
Galago matschiei	Galago matschiei	Primates	Galagidae	1	0	1	0	0	0	0	0	0	0	0
Galago moholi	Galago moholi	Primates	Galagidae	1	0	1	0	0	0	0	0	0	0	0
Galago nyasae	Galago nyasae	Primates	Galagidae	1	0	1	0	0	0	0	0	0	0	0
Galago orinus	Galago orinus	Primates	Galagidae	1	0	1	0	0	0	0	0	0	0	0
Galago rondoensis	Galago rondoensis	Primates	Galagidae	1	0	1	0	0	0	0	0	0	0	0
Galago thomasi	Galago thomasi	Primates	Galagidae	1	0	1	0	0	0	0	0	0	0	0
Otolemur monteiri	Otolemur monteiri	Primates	Galagidae	1	0	1	0	0	0	0	0	0	0	0
Gorilla beringei	Gorilla beringei	Primates	Hominidae	1	0	1	0	0	0	0	0	0	0	0
Gorilla gorilla	Gorilla gorilla	Primates	Hominidae	1	0	1	0	0	0	0	0	0	0	0
Homo sapiens	Homo sapiens	Primates	Hominidae	1	0	1	0	0	0	0	0	0	0	0
Pan paniscus	Pan paniscus	Primates	Hominidae	1	0	1	0	0	0	0	0	0	0	0
Pan troglodytes	Pan troglodytes	Primates	Hominidae	1	0	1	0	0	0	0	0	0	0	0
Pongo abelii	Pongo abelii	Primates	Hominidae	1	0	1	0	0	0	0	0	0	0	0
Pongo pygmaeus	Pongo pygmaeus	Primates	Hominidae	1	0	1	0	0	0	0	0	0	0	0
Bunopithecus hoolock	Bunopithecus hoolock	Primates	Hylobatidae	1	0	1	0	0	0	0	0	0	0	0
Hylobates agilis	Hylobates agilis	Primates	Hylobatidae	1	0	1	0	0	0	0	0	0	0	0
Hylobates albibarbis	Hylobates albibarbis	Primates	Hylobatidae	1	0	1	0	0	0	0	0	0	0	0
Hylobates concolor	Hylobates concolor	Primates	Hylobatidae	1	0	1	0	0	0	0	0	0	0	0
Hylobates gabriellae	Hylobates gabriellae	Primates	Hylobatidae	1	0	1	0	0	0	0	0	0	0	0
Hylobates klossii	Hylobates klossii	Primates	Hylobatidae	1	0	1	0	0	0	0	0	0	0	0
Hylobates lar	Hylobates lar	Primates	Hylobatidae	1	0	1	0	0	0	0	0	0	0	0
Hylobates leucogenys	Hylobates leucogenys	Primates	Hylobatidae	1	0	1	0	0	0	0	0	0	0	0
Hylobates moloch	Hylobates moloch	Primates	Hylobatidae	1	0	1	0	0	0	0	0	0	0	0
Hylobates muelleri	Hylobates muelleri	Primates	Hylobatidae	1	0	1	0	0	0	0	0	0	0	0
Hylobates pileatus	Hylobates pileatus	Primates	Hylobatidae	1	0	1	0	0	0	0	0	0	0	0
Nomascus concolor	Nomascus concolor	Primates	Hylobatidae	1	0	1	0	0	0	0	0	0	0	0
Nomascus gabriellae	Nomascus gabriellae	Primates	Hylobatidae	1	0	1	0	0	0	0	0	0	0	0
Nomascus hainanus	Nomascus hainanus	Primates	Hylobatidae	1	0	1	0	0	0	0	0	0	0	0
Nomascus leucogenys	Nomascus leucogenys	Primates	Hylobatidae	1	0	1	0	0	0	0	0	0	0	0
Nomascus siki	Nomascus siki	Primates	Hylobatidae	1	0	1	0	0	0	0	0	0	0	0
Symphalangus syndactylus	Symphalangus syndactylus	Primates	Hylobatidae	1	0	1	0	0	0	0	0	0	0	0
Avahi laniger	Avahi laniger	Primates	Indridae	1	2	1	0	0	0	0	0	0	0	0
Avahi occidentalis	Avahi occidentalis	Primates	Indridae	1	2	1	0	0	0	0	0	0	0	0
Avahi unicolor	Avahi unicolor	Primates	Indridae	1	2	1	0	0	0	0	0	0	0	0
Indri indri	Indri indri	Primates	Indridae	1	1	1	0	0	0	0	0	0	0	0
Propithecus coquereli	Propithecus coquereli	Primates	Indridae	1	1	1	1	0	0	0	0	0	0	0
Propithecus deckenii	Propithecus deckenii	Primates	Indridae	1	1	1	1	0	0	0	0	0	0	0
Propithecus diadema	Propithecus diadema	Primates	Indridae	1	1	1	1	0	0	0	0	0	0	0
Propithecus edwardsi	Propithecus edwardsi	Primates	Indridae	1	1	1	1	0	0	0	0	0	0	0
Propithecus perrieri	Propithecus perrieri	Primates	Indridae	1	1	1	1	0	0	0	0	0	0	0
Propithecus tattersalli	Propithecus tattersalli	Primates	Indridae	1	1	1	1	0	0	0	0	0	0	0
Propithecus verreauxi	Propithecus verreauxi	Primates	Indridae	1	1	1	1	0	0	0	0	0	0	0
Eulemur albifrons	Eulemur albifrons	Primates	Lemuridae	1	0	1	1	1	0	0	0	0	0	2
Eulemur albocollaris	Eulemur albocollaris	Primates	Lemuridae	1	0	1	1	1	0	0	0	0	0	2
Eulemur cinereiceps	Eulemur cinereiceps	Primates	Lemuridae	1	0	1	1	1	0	0	0	0	0	2
Eulemur collaris	Eulemur collaris	Primates	Lemuridae	1	0	1	1	1	0	0	0	0	0	2
Eulemur coronatus	Eulemur coronatus	Primates	Lemuridae	1	0	1	1	1	0	0	0	0	0	2
Eulemur fulvus	Eulemur fulvus	Primates	Lemuridae	1	0	1	1	1	0	0	0	0	0	2
Eulemur macaco	Eulemur macaco	Primates	Lemuridae	1	0	1	1	1	0	0	0	0	0	2
Eulemur mongoz	Eulemur mongoz	Primates	Lemuridae	1	0	1	1	1	0	0	0	0	0	2
Eulemur rubriventer	Eulemur rubriventer	Primates	Lemuridae	1	0	1	1	1	0	0	0	0	0	2
Eulemur rufus	Eulemur rufus	Primates	Lemuridae	1	0	1	1	1	0	0	0	0	0	2
Eulemur sanfordi	Eulemur sanfordi	Primates	Lemuridae	1	0	1	1	1	0	0	0	0	0	2
Hapalemur alaotrensis	Hapalemur alaotrensis	Primates	Lemuridae	1	0	1	1	1	0	0	0	0	0	2
Hapalemur aureus	Hapalemur aureus	Primates	Lemuridae	1	0	1	1	1	0	0	0	0	0	2
Hapalemur griseus	Hapalemur griseus	Primates	Lemuridae	1	0	1	1	0	0	0	0	0	0	2
Hapalemur occidentalis	Hapalemur occidentalis	Primates	Lemuridae	1	0	1	1	1	0	0	0	0	0	2
Lemur catta	Lemur catta	Primates	Lemuridae	1	0	1	0	0	0	0	0	0	0	2
Prolemur simus	Prolemur simus	Primates	Lemuridae	1	0	1	0	0	0	0	0	0	0	2
Varecia rubra	Varecia rubra	Primates	Lemuridae	1	0	1	1	1	0	0	0	0	0	2
Varecia variegata	Varecia variegata	Primates	Lemuridae	1	0	1	1	1	0	0	0	0	0	2
Lepilemur ankaranensis	Lepilemur ankaranensis	Primates	Megaladapidae	1	1	1	1	1	0	0	0	0	0	0
Arctocebus calabarensis	Arctocebus calabarensis	Primates	Lorisidae	1	0	1	0	0	0	0	0	0	0	0
Loris lydekkerianus	Loris lydekkerianus	Primates	Lorisidae	1	0	1	0	0	0	0	0	0	0	0
Loris tardigradus	Loris tardigradus	Primates	Lorisidae	1	0	1	0	0	0	0	0	0	0	0
Nycticebus bengalensis	Nycticebus bengalensis	Primates	Lorisidae	1	0	1	0	0	0	0	0	0	0	0
Nycticebus coucang	Nycticebus coucang	Primates	Lorisidae	1	0	1	0	0	0	0	0	0	0	0
Nycticebus pygmaeus	Nycticebus pygmaeus	Primates	Lorisidae	1	0	1	0	0	0	0	0	0	0	0
Arctocebus aureus	Arctocebus aureus	Primates	Lorisidae	1	0	1	0	0	0	0	0	0	0	0
Perodicticus potto	Perodicticus potto	Primates	Lorisidae	1	0	1	0	0	0	0	0	0	0	0
Lepilemur dorsalis	Lepilemur dorsalis	Primates	Megaladapidae	1	1	1	1	1	0	0	0	0	0	0
Lepilemur edwardsi	Lepilemur edwardsi	Primates	Megaladapidae	1	1	1	1	1	0	0	0	0	0	0
Lepilemur leucopus	Lepilemur leucopus	Primates	Megaladapidae	1	1	1	1	1	0	0	0	0	0	0
Lepilemur microdon	Lepilemur microdon	Primates	Megaladapidae	1	1	1	1	1	0	0	0	0	0	0
Lepilemur mustelinus	Lepilemur mustelinus	Primates	Megaladapidae	1	1	1	1	1	0	0	0	0	0	0
Lepilemur ruficaudatus	Lepilemur ruficaudatus	Primates	Megaladapidae	1	1	1	1	1	0	0	0	0	0	0
Lepilemur septentrionalis	Lepilemur septentrionalis	Primates	Megaladapidae	1	1	1	1	1	0	0	0	0	0	0
Callicebus bernhardi	Callicebus bernhardi	Primates	Pitheciidae	1	0	1	0	0	0	0	0	0	0	0
Callicebus caligatus	Callicebus caligatus	Primates	Pitheciidae	1	0	1	0	0	0	0	0	0	0	0
Callicebus discolor	Callicebus discolor	Primates	Pitheciidae	1	0	1	0	0	0	0	0	0	0	0
Callicebus dubius	Callicebus dubius	Primates	Pitheciidae	1	0	1	0	0	0	0	0	0	0	0
Callicebus lucifer	Callicebus lucifer	Primates	Pitheciidae	1	0	1	0	0	0	0	0	0	0	0
Callicebus lugens	Callicebus lugens	Primates	Pitheciidae	1	0	1	0	0	0	0	0	0	0	0
Callicebus pallescens	Callicebus pallescens	Primates	Pitheciidae	1	0	1	0	0	0	0	0	0	0	0
Callicebus purinus	Callicebus purinus	Primates	Pitheciidae	1	0	1	0	0	0	0	0	0	0	0
Callicebus regulus	Callicebus regulus	Primates	Pitheciidae	1	0	1	0	0	0	0	0	0	0	0
Callicebus stephennashi	Callicebus stephennashi	Primates	Pitheciidae	1	0	1	0	0	0	0	0	0	0	0
Chiropotes chiropotes	Chiropotes chiropotes	Primates	Pitheciidae	1	0	1	0	0	0	0	0	0	0	0
Chiropotes israelita	Chiropotes israelita	Primates	Pitheciidae	1	0	1	0	0	0	0	0	0	0	0
Chiropotes utahickae	Chiropotes utahickae	Primates	Pitheciidae	1	0	1	0	0	0	0	0	0	0	0
Tarsius bancanus	Tarsius bancanus	Primates	Tarsiidae	1	0	1	0	0	0	0	0	0	0	0
Tarsius dentatus	Tarsius dentatus	Primates	Tarsiidae	1	0	1	0	0	0	0	0	0	0	0
Tarsius pelengensis	Tarsius pelengensis	Primates	Tarsiidae	1	0	1	0	0	0	0	0	0	0	0
Tarsius pumilus	Tarsius pumilus	Primates	Tarsiidae	1	0	1	0	0	0	0	0	0	0	0
Tarsius sangirensis	Tarsius sangirensis	Primates	Tarsiidae	1	0	1	0	0	0	0	0	0	0	0
Tarsius syrichta	Tarsius syrichta	Primates	Tarsiidae	1	0	1	0	0	0	0	0	0	0	0
Tarsius tarsier	Tarsius tarsier	Primates	Tarsiidae	1	0	1	0	0	0	0	0	0	0	0
Elephas maximus	Elephas maximus	Proboscidea	Elephantidae	3	0	3	0	1	0	1	1	0	0	3
Loxodonta africana	Loxodonta africana	Proboscidea	Elephantidae	3	0	3	0	1	0	1	1	0	0	3
Loxodonta cyclotis	Loxodonta cyclotis	Proboscidea	Elephantidae	3	0	3	0	1	0	1	1	0	0	3
